ACCELEROMETER_X,ACCELEROMETER_Y,ACCELEROMETER_Z,GRAVITY_X,GRAVITY_Y,GRAVITY_Z,LINEAR_ACCELERATION_X,LINEAR_ACCELERATION_Y,LINEAR_ACCELERATION_Z,GYROSCOPE_X,GYROSCOPE_Y,GYROSCOPE_Z,LIGHT,MAGNETIC_FIELD_X,MAGNETIC_FIELD_Y,MAGNETIC_FIELD_Z,ORIENTATION_Z_azimuth,ORIENTATION_X_pitch,ORIENTATION_Y_roll,PROXIMITY,SOUND_LEVEL,LOCATION_Latitude,LOCATION_Longitude,LOCATION_Altitude,LOCATION_Altitude-google,LOCATION_Speed,LOCATION_Accuracy,LOCATION_ORIENTATION,Satellites_in_range,Time,Date
1.167969,2.672501,9.75708,1.28453,2.452037,9.407863,0.168666,0.254478,0.548054,0.517624,0.192612,0.288696,0,-6.5353,-18.9453,-47.0169,178.5139,-7.2229,-8.0684,5,54.49587,60.020184,30.370596,0,NaN,0,36.74,0,0 / 43,34,2020-01-17 18:07:21:757
1.167969,2.672501,9.75708,1.28453,2.452037,9.407863,0.168666,0.254478,0.548054,0.517624,0.192612,0.288696,0,-6.5353,-18.9453,-47.0169,178.5139,-7.2229,-8.0684,5,54.49587,60.020184,30.370596,0,NaN,0,36.74,0,0 / 43,2534,2020-01-17 18:07:21:757
-9.261169,-14.278458,1.795166,-3.80106,-7.992769,-4.2235,-1.230651,-6.185637,-1.697699,-0.704773,0.525497,0.261002,0,27.7283,17.2699,34.5535,182.4296,48.1839,140.1435,0,59.47089,60.020184,30.370596,0,NaN,0,36.74,0,3 / 43,5035,2020-01-17 18:07:26:758
-7.98027,-12.996353,-2.357574,-2.195335,-9.538245,0.610547,-3.743925,-3.715232,-4.533983,-2.550339,1.341492,1.526901,0,23.0789,37.9547,-4.2999,260.0925,72.7489,30.3143,0,56.89083,60.020184,30.370596,0,NaN,0,36.74,0,7 / 34,10034,2020-01-17 18:07:31:757
0.456894,-8.535965,1.887344,-3.012358,-9.243163,-1.288416,-2.89928,-4.092276,0.22374,2.337097,0.7556,-0.665237,0,31.8741,21.2631,25.8408,171.7249,58.2141,133.9221,0,65.899,60.02053,30.370312,16,NaN,0,15.170001,,19 / 34,15034,2020-01-17 18:07:36:757
-4.757675,-7.682419,-0.387146,-3.573285,-8.512784,-3.306742,-0.2871,-0.015646,1.964247,-1.847443,-0.33577,0.857193,0,30.3528,31.6986,15.126,174.753,70.5859,119.8527,0,63.62058,60.02045,30.370388,19,NaN,0,12.136,,20 / 34,20034,2020-01-17 18:07:41:757
-2.204254,-6.6194,-7.588913,-3.050502,-8.44011,-3.953397,3.185384,4.691056,4.91712,1.973129,0.215149,-0.337494,0,25.7706,25.0763,28.9749,171.1654,55.8351,140.7371,0,57.9545,60.02038,30.370384,18,NaN,0,7.5850005,,20 / 34,25034,2020-01-17 18:07:46:757
-5.703384,-10.57103,1.913681,-1.832775,-9.427755,1.982112,-1.109896,1.281244,-1.316026,0.84465,-0.27948,-0.365189,0,26.7319,35.4111,5.8975,201.4392,76.4652,87.8703,0,64.35276,60.020348,30.370378,23,NaN,0,6.068,,24 / 34,30034,2020-01-17 18:07:51:757
-4.357849,-13.99234,-5.363495,-2.774669,-9.401964,-0.273271,-3.92255,-0.488268,-1.164869,-2.383453,1.198746,1.042557,0,21.8933,32.6965,-0.2563,250.7446,76.3967,39.7423,0,56.66538,60.0203,30.370348,27,NaN,4.572,4.5509996,213,25 / 34,35035,2020-01-17 18:07:56:758
-3.580932,-6.425476,0.179077,-3.288566,-7.716113,-5.081072,-0.706515,-1.038781,2.897295,-0.781998,2.794693,1.259689,0,21.1761,26.2329,25.0824,193.4287,64.1177,132.5006,0,49.5185,60.02023,30.370262,29,NaN,5.364,6.068,191,26 / 34,40034,2020-01-17 18:08:01:757
-1.841537,-16.892914,-2.849594,-1.830252,-9.611884,0.657458,-1.315194,-1.203275,6.556387,-2.683319,0.366959,0.840515,0,10.8826,35.64,3.0777,252.8927,78.5619,70.2408,0,61.58762,60.0202,30.370102,25,NaN,5.4,4.5509996,245.5,26 / 34,45034,2020-01-17 18:08:06:757
-7.045334,-13.019104,-1.62735,-1.519203,-9.59257,1.358306,-3.079813,-1.497003,5.891106,-3.135528,1.063812,1.478607,0,13.2919,33.699,0.148,293.239,72.208,25.6417,0,63.95774,60.02014,30.369974,27,NaN,6.696,6.068,242.5,27 / 34,50034,2020-01-17 18:08:11:757
-8.2556,-11.036697,-0.469757,-0.957384,-9.351905,2.792074,-3.213987,0.932879,-3.960566,1.649109,-0.582382,-0.815796,0,14.3738,35.2615,8.5236,290.4285,76.4198,40.0869,0,68.29384,60.020084,30.369816,27,NaN,8.136,7.5850005,239.8,27 / 34,55034,2020-01-17 18:08:16:757
-4.175888,-7.761429,-0.522415,-1.589697,-9.630253,0.949461,1.239914,2.600185,-2.785567,1.681076,-2.284668,-0.544159,0,15.6387,25.4868,29.3198,210.9895,74.1725,127.2382,0,66.19205,60.02003,30.369667,27,NaN,6.588,6.068,227.6,27 / 34,60034,2020-01-17 18:08:21:757
-4.48114,-8.194778,18.942444,-2.822505,-8.05454,-4.82993,-0.231113,-6.704072,-0.672153,0.144241,-1.321838,-0.341049,0,10.5438,26.5976,31.9733,216.8493,62.9358,140.3915,0,65.09003,60.019993,30.369587,24,NaN,3.348,6.068,227.3,26 / 34,65034,2020-01-17 18:08:26:757
-10.96225,-18.862152,-20.873138,-2.837689,-8.583447,-3.800309,3.762002,5.816366,5.577716,0.235855,0.680847,0.074585,0,13.1622,18.4097,36.5509,207.6476,52.5837,145.8025,0,54.29132,60.019936,30.369503,26,NaN,6.084,6.068,224.1,27 / 34,70034,2020-01-17 18:08:31:757
1.219452,-2.363708,4.525757,-3.307552,-8.00043,-4.60691,-2.213694,3.227944,5.282741,-1.608108,2.485581,1.373856,0,20.2377,30.3375,19.9326,201.5641,70.2438,122.2292,0,56.73865,60.01986,30.369368,28,NaN,6.84,15.170001,230.3,27 / 34,75034,2020-01-17 18:08:36:757
-0.944916,-21.058838,-2.77417,-2.553139,-9.454895,-0.506806,1.179778,-4.164685,5.703542,-2.201279,0.721329,1.067062,0,10.8292,39.6088,-1.7014,302.1073,73.2617,20.6162,0,63.03578,60.019806,30.369259,25,NaN,5.616,15.170001,223.1,26 / 34,80034,2020-01-17 18:08:41:757
-8.404053,-12.66954,-0.618195,-0.898822,-9.329925,2.883575,-3.276636,2.395033,-2.977419,1.097122,-1.062103,-0.358261,0,13.8794,36.5173,6.7215,275.1697,77.6054,52.4224,0,67.47266,60.01974,30.369146,26,NaN,7.38,15.170001,227.2,27 / 34,85034,2020-01-17 18:08:46:757
-1.464447,-6.93544,-1.328064,-1.833501,-9.627601,0.343469,2.610264,3.152445,-0.933432,2.308502,-2.298691,-0.654938,0,13.2797,26.0345,29.7623,215.94,68.2457,132.8269,0,67.65277,60.019695,30.369026,22,NaN,5.328,15.170001,236.2,27 / 34,90034,2020-01-17 18:08:51:757
-4.420089,-0.994217,14.905807,-2.662304,-8.376109,-4.350095,2.635692,-6.572009,-6.169952,-1.51152,-0.068207,-0.676956,0,8.8928,27.1515,29.5654,213.1497,60.0148,147.9802,0,59.42986,60.019672,30.368933,23,NaN,3.852,16.687,243.5,27 / 34,95034,2020-01-17 18:08:56:757
2.866654,-3.493774,5.178177,-3.14507,-8.260479,-4.247752,-2.758913,1.370452,3.548002,-0.97641,3.115158,0.74411,0,9.4559,33.7524,7.8949,225.2684,74.0962,121.5652,0,60.55908,60.01962,30.368837,23,NaN,6.084,15.170001,226.2,28 / 34,100034,2020-01-17 18:09:01:757
-5.794372,-12.155991,-1.325684,-1.421014,-9.643827,1.071312,-4.061465,-4.289223,-5.494519,-2.503464,0.312805,0.891296,0,12.6801,35.1105,-0.2548,275.6107,77.9499,51.2839,0,66.52191,60.019577,30.36871,22,NaN,5.04,15.170001,223.2,28 / 34,105034,2020-01-17 18:09:06:757
-3.561767,-7.694397,-0.534393,-1.601692,-9.504055,1.810497,-1.967879,2.546641,-1.938965,1.762207,-1.716705,-0.46106,0,13.1332,31.1523,24.6078,241.393,75.8647,105.8536,0,64.30072,60.019527,30.368608,19,NaN,6.192,15.170001,221.1,28 / 34,110034,2020-01-17 18:09:11:757
12.642181,-9.183594,-16.871231,-2.876317,-8.158826,-4.618521,-0.252421,-6.101509,0.177455,0.582245,-1.395706,-0.333054,0,10.0357,28.0426,31.3065,218.206,62.0079,142.4369,0,65.20464,60.019493,30.368502,20,NaN,4.464,13.653,241.9,28 / 34,115034,2020-01-17 18:09:16:757
-4.97316,-9.16803,-15.160568,-2.464565,-8.026121,-5.067314,5.966714,6.242334,9.438946,2.821793,0.454666,0.332565,0,17.2287,26.535,28.8773,195.3288,55.5172,143.8724,0,60.54904,60.019447,30.368397,23,NaN,6.948,13.653,228.7,29 / 34,120034,2020-01-17 18:09:21:757
0.93573,-14.413727,-2.637695,-2.216,-9.496887,-1.033861,-5.121437,-3.410352,-5.827127,-2.646927,1.050858,0.940659,0,14.5325,39.3524,1.5625,294.8319,75.3337,19.5105,0,63.59984,60.0194,30.368256,21,NaN,5.832,13.653,239.7,29 / 34,125035,2020-01-17 18:09:26:758
1.88504,-6.44342,-0.924652,-2.007456,-9.435981,-1.761468,-4.686812,-3.142609,-0.325432,2.201798,-0.847809,-0.81633,0,16.5298,20.1309,34.0302,210.3709,57.3373,146.7883,0,66.92655,60.019333,30.368149,22,NaN,5.904,13.653,193.9,29 / 34,130034,2020-01-17 18:09:31:757
-5.665085,-6.87677,-0.563126,-2.543865,-9.292684,-1.828975,3.382554,-7.390201,4.907641,-2.887848,0.404953,1.08197,0,-2.5742,16.6412,27.066,333.3843,77.3416,35.9348,0,61.58179,60.01927,30.368135,22,NaN,5.832,13.653,188.9,28 / 34,135034,2020-01-17 18:09:36:757
-2.558609,-9.317673,-0.795364,-1.700681,-9.497342,-1.754586,0.606174,-0.575401,-0.281087,0.598404,0.474197,0.033752,0,-6.5704,-3.0106,30.2582,241.8042,76.6786,130.8282,0,64.64617,60.019226,30.368126,24,NaN,0,13.653,,28 / 34,140034,2020-01-17 18:09:41:757
-2.83873,-9.620529,0.380188,-2.687458,-9.42456,0.35445,-0.026269,0.048238,0.000841,-0.088867,-0.364349,0.010849,0,-5.4138,-1.0345,30.3497,285.2619,73.9845,83.0944,0,56.32828,60.019222,30.368134,24,NaN,0,13.653,,28 / 34,145034,2020-01-17 18:09:46:757
6.790756,-22.083542,-3.322449,-2.73814,-8.770202,-3.42878,7.567105,-11.854665,2.107786,-3.168915,1.750382,0.248764,0,-53.5721,-17.9825,6.0333,82.1111,74.7758,6.952,0,69.09979,60.0192,30.368156,25,NaN,6.624,13.653,169,27 / 34,150034,2020-01-17 18:09:51:757
-4.506286,-4.129425,1.432449,-2.739911,-8.673629,-3.664892,2.990718,-10.307206,1.919509,-3.069656,0.516617,1.004562,0,34.2484,131.5323,-12.3993,299.3294,75.5471,5.1399,0,61.97621,60.019108,30.368242,24,NaN,5.796,13.653,153.6,27 / 34,155034,2020-01-17 18:09:56:757
4.123612,-0.266388,3.386109,-2.454109,-7.84801,-5.343826,-2.113533,1.761997,6.238795,-0.26712,3.161316,0.690842,0,-24.0036,31.8207,20.0195,321.3526,78.9772,95.3989,0,66.94229,60.01902,30.368284,24,NaN,6.552,13.653,188.6,28 / 34,160033,2020-01-17 18:10:01:756
-2.729782,-12.256546,10.018051,-0.914847,-9.481638,2.330663,-2.528246,-3.31237,-2.268266,-3.055099,1.386581,1.363205,0,13.7863,43.1076,1.1627,316.1756,72.7051,11.0617,0,70.21913,60.01896,30.368225,22,NaN,4.896,13.653,212.1,28 / 34,165034,2020-01-17 18:10:06:757
-7.635513,-13.584137,1.662293,-0.226166,-9.238226,3.282441,-5.425582,-3.846149,-4.605219,-0.498642,-0.341263,0.276627,0,18.2724,35.8658,16.8259,290.0471,78.4681,39.0788,0,68.91591,60.01891,30.368134,22,NaN,7.848,15.170001,222.8,28 / 34,170034,2020-01-17 18:10:11:757
-4.00589,-9.256607,-0.288986,-1.071726,-9.731551,0.564546,-0.953062,0.594556,-1.442959,2.055161,-0.432175,-1.027603,0,9.8953,25.5096,34.993,195.0488,56.8148,157.2596,0,69.06291,60.018867,30.368036,20,NaN,3.888,15.170001,220.5,28 / 34,175034,2020-01-17 18:10:16:757
-5.689026,-12.920944,12.001648,-2.305954,-8.635619,-4.034729,0.873765,-8.344657,3.617816,1.238281,-2.306854,-0.646774,0,11.38,22.3816,36.0321,188.062,59.1551,158.4903,0,70.34127,60.01884,30.36798,20,NaN,4.284,15.170001,234.3,28 / 34,180034,2020-01-17 18:10:21:757
-2.072586,-6.694824,-8.416107,-2.174612,-7.900608,-5.387192,4.9562,7.59149,7.028793,-0.343109,2.5495,0.612549,0,19.5297,26.0284,26.4709,169.2045,62.8821,148.1692,0,62.00031,60.0188,30.36795,20,NaN,4.608,16.687,207.5,28 / 34,185034,2020-01-17 18:10:26:757
-4.640365,-3.18132,0.261673,-2.384935,-8.682537,-3.88536,-1.745386,4.805654,6.579624,-1.700439,2.569031,1.910034,0,19.1742,26.3916,32.1793,181.5036,62.2974,148.4573,0,66.68238,60.01872,30.367887,17,NaN,7.344,16.687,221.5,28 / 34,190034,2020-01-17 18:10:31:757
2.404572,-19.84497,-0.740295,-2.000213,-9.321479,-2.297728,-2.069658,-3.815175,5.402062,-2.810623,1.950104,1.695572,0,23.233,35.2356,20.7825,169.1309,71.902,138.9599,0,58.00893,60.018658,30.367798,15,NaN,6.66,16.687,215.4,27 / 34,195034,2020-01-17 18:10:36:757
-4.278839,-12.300842,-1.869156,-0.164725,-9.40809,2.762446,-3.947001,-1.368014,-6.806842,-0.247421,-0.553436,0.325455,0,12.1277,41.2598,-7.4448,289.8807,73.609,3.4125,0,70.6225,60.01855,30.367815,16,NaN,7.956,18.203999,187.6,29 / 34,200034,2020-01-17 18:10:41:757
-0.991592,-7.506454,-0.655304,-0.839947,-9.762991,0.38584,-4.481658,-0.691825,-0.957221,2.569321,0.165619,0.186447,0,-0.9186,40.6616,11.4304,314.2792,84.5915,65.3277,0,71.13982,60.018463,30.367767,14,NaN,3.492,16.687,215.5,28 / 34,205034,2020-01-17 18:10:46:757
-5.247284,-9.26738,16.003555,-1.947991,-9.455198,-1.724804,7.229923,-3.641865,1.220642,3.551666,-4.097565,-1.744003,0,-1.6052,35.8566,31.5643,244.891,60.8814,154.5605,0,63.98606,60.018444,30.367619,14,NaN,6.516,15.170001,257.2,28 / 34,210034,2020-01-17 18:10:51:757
-5.082092,-19.30748,-22.522736,-1.907861,-8.032432,-5.292494,4.817434,8.566531,8.789362,-0.697678,2.726151,0.4366,0,2.8183,25.1266,33.3359,239.4196,65.9706,148.9411,0,57.10565,60.018436,30.367456,17,NaN,7.092,15.170001,260.6,28 / 34,215034,2020-01-17 18:10:56:757
-1.110107,-0.697342,4.671799,-2.05929,-9.114511,-2.975801,-1.275406,3.050264,6.206538,-2.308166,1.908035,1.828369,0,4.7958,30.8716,30.3864,222.5208,68.3448,145.3163,0,59.54344,60.01839,30.367273,18,NaN,4.86,15.170001,242.5,27 / 34,220034,2020-01-17 18:11:01:757
-3.673096,-11.799255,12.620544,-1.476573,-9.69451,-0.081281,-5.405464,-3.972485,-4.055494,-1.31871,-0.207932,0.637054,0,15.4266,39.6973,-9.3933,273.3311,78.207,10.9481,0,68.35124,60.018326,30.367176,19,NaN,7.02,16.687,206.6,26 / 34,225034,2020-01-17 18:11:06:757
-5.096451,-11.673553,-3.855148,-0.14174,-9.424925,2.70575,-3.155773,-0.621829,-6.191825,-0.098816,-0.50853,-0.024124,0,21.5225,43.01,-7.782,185.4013,81.5454,111.3991,0,63.04041,60.018215,30.367178,20,NaN,5.328,15.170001,173.4,27 / 34,230034,2020-01-17 18:11:11:757
-2.221023,-8.423431,-0.546371,-1.479351,-9.687564,-0.364723,2.632602,2.764593,-1.754279,1.946503,0.119278,-0.23381,0,17.2272,33.3099,3.6301,179.1227,81.0618,103.8497,0,67.12448,60.01811,30.367193,18,NaN,5.508,15.170001,195.1,27 / 34,235034,2020-01-17 18:11:16:757
-6.635925,-7.209564,18.996307,-1.795233,-9.157723,-3.013905,-5.210333,-4.381232,0.642586,3.062546,-1.863541,-1.753403,0,23.5291,32.1213,18.9178,144.4817,69.0396,149.2199,0,62.65564,60.018005,30.367214,19,NaN,5.112,16.687,173.3,27 / 34,240034,2020-01-17 18:11:21:757
1.179947,-16.957565,-10.79834,-1.656199,-8.458391,-4.677928,1.053545,-14.58325,-15.692408,-0.578354,0.394302,0.145432,0,19.6182,27.1484,26.7761,144.9828,59.6003,160.5037,0,64.16571,60.01794,30.367336,20,NaN,3.132,16.687,166.8,27 / 34,245034,2020-01-17 18:11:26:757
3.262894,-0.754806,6.145432,-1.612094,-8.729671,-4.16706,2.816432,7.176415,11.003092,2.57927,0.63913,0.647705,0,18.4265,22.0627,30.1895,163.9029,62.8957,158.8502,0,61.88726,60.01788,30.36738,18,NaN,4.32,16.687,195.9,27 / 34,250034,2020-01-17 18:11:31:757
2.474014,-21.091156,-1.834442,-1.511042,-9.687531,0.19717,5.765691,-9.523835,2.097873,-2.960113,1.800095,1.581406,0,22.3328,34.7977,6.2454,209.8231,81.0606,82.5657,0,67.95699,60.017803,30.367367,17,NaN,5.004,16.687,196.6,25 / 34,255034,2020-01-17 18:11:36:757
-8.963089,-11.614899,0.24971,-0.107768,-9.581908,2.084661,-7.863472,-2.63939,-3.597402,-0.906464,0.091934,0.323151,0,11.6821,36.1618,-8.493,279.244,74.5988,-0.5831,0,67.63442,60.017704,30.367409,18,NaN,3.42,15.170001,175.4,24 / 34,260035,2020-01-17 18:11:41:758
-1.639221,-7.531585,-0.051956,-0.626546,-9.720336,1.137053,0.946701,4.246341,1.63373,2.224716,-0.584152,-0.1651,0,17.2241,34.0637,4.3686,269.4599,82.3926,28.8559,0,70.44702,60.01763,30.367393,19,NaN,5.256,15.170001,172.7,24 / 34,265034,2020-01-17 18:11:46:757
2.392609,-2.636642,6.050858,-1.426329,-9.565529,-1.623772,6.365764,4.357982,4.375019,3.784958,-3.462677,-1.996826,0,13.4811,26.2009,29.9957,178.8398,65.0925,156.3886,0,67.5907,60.017593,30.367422,19,NaN,5.796,15.170001,168,23 / 34,270034,2020-01-17 18:11:51:757
1.36908,-8.33963,-11.111984,-1.519123,-8.899543,-3.828941,0.991084,-6.651547,-4.438084,1.45842,-0.016891,0.375168,0,12.7289,24.2798,33.2382,132.4175,54.9932,163.7583,0,62.16802,60.017506,30.367489,19,NaN,2.844,15.170001,160.5,24 / 34,275034,2020-01-17 18:11:56:757
-0.569015,-1.079224,6.481812,-2.158048,-8.08924,-5.106605,3.394881,7.342359,12.358006,-0.278137,2.643067,0.504959,0,24.1089,26.5427,28.1281,140.7502,55.5756,157.0911,0,57.49433,60.017414,30.367516,18,NaN,5.868,15.170001,183.5,25 / 34,280035,2020-01-17 18:12:01:758
2.701462,-14.426895,-1.383133,-1.804157,-9.236385,-2.757642,1.332194,-5.241267,6.369036,-2.975387,2.131729,1.245133,0,25.6317,33.7433,5.9479,109.9645,70.3645,146.8057,0,54.46422,60.01731,30.367476,13,NaN,7.668,15.170001,204.5,24 / 34,285034,2020-01-17 18:12:06:757
2.271698,-14.938049,3.630325,-1.185285,-9.729587,0.317224,-6.370255,-3.56703,-4.808378,-3.124695,1.604797,1.336395,0,8.8318,32.2647,-16.1652,238.3448,72.6498,-0.5587,0,69.29811,60.017204,30.36747,13,NaN,6.192,16.687,193.8,24 / 34,290035,2020-01-17 18:12:11:758
-5.933227,-14.270065,-5.282089,0.091954,-9.361168,2.920695,-3.477215,-0.3621,-6.302802,1.660477,-0.985397,-0.613754,0,16.4703,38.3957,-5.0339,197.2432,82.9905,112.0804,0,66.00026,60.01716,30.367601,14,NaN,0,15.170001,,24 / 34,295034,2020-01-17 18:12:16:757
-1.235809,-7.422653,1.455185,-0.231055,-9.470491,2.535112,-0.718072,1.666945,-2.406017,1.933899,-1.296997,-0.522308,0,19.6274,38.5559,0.7721,203.8594,84.0615,73.7961,0,69.45577,60.0171,30.367624,15,NaN,6.804,16.687,206,24 / 34,300034,2020-01-17 18:12:21:757
-0.633667,-6.101059,2.522995,-1.7836,-9.437266,-1.981709,-4.287592,-2.837731,-2.598865,2.45285,-0.694763,-0.842255,0,22.4365,28.0212,26.181,174.1004,64.8045,149.1793,0,63.78517,60.016994,30.367586,14,NaN,6.3,16.687,195.6,23 / 34,305034,2020-01-17 18:12:26:757
3.89856,-3.654175,8.654556,-2.242219,-8.706367,-3.916887,6.165194,1.751268,4.172642,2.072556,-2.1073,-1.391571,0,14.3738,26.7197,28.3768,186.5544,62.5984,150.2111,0,65.10759,60.01688,30.367762,14,NaN,5.472,16.687,162.1,21 / 34,310034,2020-01-17 18:12:31:757
-2.401779,-16.651108,-22.655624,-1.417602,-8.92598,-3.80627,3.661147,9.104993,8.627127,2.265183,1.031326,0.672028,0,13.2156,21.1929,33.4732,144.9235,65.5335,154.7417,0,66.0685,60.016815,30.367777,17,NaN,0,15.170001,,22 / 34,315034,2020-01-17 18:12:36:757
4.395355,0.200485,5.86052,-2.096307,-7.956202,-5.336172,5.590224,8.290367,8.677542,2.505402,1.158264,0.223907,0,17.2195,21.9055,30.8105,163.9411,54.2238,158.5527,0,60.09682,60.016785,30.367744,18,NaN,4.68,13.653,189.2,22 / 34,320034,2020-01-17 18:12:41:757
0.471268,-1.762756,2.652283,-1.668653,-8.049686,-5.346825,-1.196697,5.743741,6.838263,-1.535492,2.653717,1.372253,0,20.9595,23.8434,29.4678,141.1279,55.1689,162.6677,0,62.36641,60.01668,30.367702,11,NaN,6.66,15.170001,195.7,22 / 34,325034,2020-01-17 18:12:46:757
-6.414459,-8.620956,-1.368774,-2.497809,-8.448165,-4.308113,2.97543,-5.029321,1.590012,-2.712082,1.030609,0.682861,0,20.9839,33.4351,16.7374,178.5622,77.0731,129.9996,0,63.76523,60.016575,30.367678,10,NaN,6.084,15.170001,194.3,22 / 34,330034,2020-01-17 18:12:51:757
3.687866,-14.788422,-1.210754,-1.620954,-9.671603,-0.054496,4.528153,-10.965686,1.417394,-2.949997,1.952957,1.523712,0,19.9326,38.5376,6.8512,205.1081,80.4804,91.9255,0,59.8201,60.016502,30.367691,11,NaN,5.796,13.653,190.1,22 / 34,335034,2020-01-17 18:12:56:757
-4.584091,-14.869812,-10.336258,-0.224893,-9.576846,2.09853,-6.571032,-3.127838,-4.691735,-1.283218,0.100281,0.381744,0,14.389,40.6509,-12.5153,247.2512,77.5718,6.1169,0,71.79328,60.016434,30.367718,11,NaN,5.904,15.170001,175,22 / 34,340035,2020-01-17 18:13:01:758
-6.125961,-13.536255,0.124008,0.05988,-9.34088,2.985761,-3.238376,-1.000658,-5.934027,1.999054,-1.38913,-0.613403,0,13.0157,41.4078,-7.1671,294.7896,72.2705,-1.1489,0,70.32135,60.016342,30.36773,13,NaN,6.66,15.170001,178.2,21 / 33,345034,2020-01-17 18:13:06:757
2.563797,-6.476944,-1.135345,-0.713332,-9.719503,1.092146,0.807644,2.373846,-1.72609,2.073792,-0.756378,-0.418991,0,18.985,30.632,26.7227,178.9965,62.0291,156.8527,0,66.48979,60.01624,30.367725,12,NaN,4.824,15.170001,203.5,21 / 34,350034,2020-01-17 18:13:11:757
15.481705,-11.146835,-29.67781,-1.965257,-8.558393,-4.366009,4.231476,-1.977735,7.736157,-1.05365,-0.411041,-0.348328,0,12.59,29.5425,29.1595,180.2143,60.7755,155.7662,0,63.85672,60.016132,30.367744,14,NaN,4.32,16.687,190.6,22 / 34,355034,2020-01-17 18:13:16:757
5.193817,-29.812025,-18.34726,-1.454409,-8.780815,-4.117325,0.616516,-4.977279,-4.522649,-0.959717,0.701447,0.09198,0,11.85,28.212,29.892,174.382,63.6002,161.0701,0,62.18106,60.016083,30.367765,14,NaN,0,15.170001,,22 / 34,360034,2020-01-17 18:13:21:757
4.011093,-0.085617,4.45752,-1.927535,-8.189296,-5.038889,-1.265891,4.412804,6.788715,-1.474426,3.052124,1.061554,0,21.5561,22.3419,29.3152,149.1872,56.6237,159.0666,0,56.39534,60.016075,30.36779,15,NaN,0,13.653,,23 / 34,365034,2020-01-17 18:13:26:757
5.415283,-17.94876,-0.530807,-1.426992,-9.481969,-2.055812,5.371492,-10.688432,1.334915,-2.605911,0.932419,0.906204,0,10.5316,38.8062,-0.5875,292.4414,79.4177,9.472,0,63.08557,60.01604,30.367773,13,NaN,7.344,15.170001,216.8,22 / 34,370034,2020-01-17 18:13:31:757
-7.312286,-12.559418,10.938629,-1.339554,-9.701828,0.500525,-3.83891,-3.646086,-0.805568,-1.09874,-0.211838,0.477615,0,18.7775,42.2989,-13.6566,272.1506,76.9051,16.1104,0,63.42761,60.01595,30.367748,11,NaN,5.04,15.170001,182.6,23 / 34,375034,2020-01-17 18:13:36:757
-7.767181,-11.711868,0.952408,0.140545,-9.451048,2.613107,-7.422972,-3.060264,-3.417141,-0.468811,-0.114197,0.043518,0,13.4857,40.8127,-11.6547,265.256,74.7294,1.2854,0,69.77095,60.01586,30.367783,11,NaN,4.428,15.170001,213.1,23 / 34,380035,2020-01-17 18:13:41:758
4.297196,-6.090286,-2.507217,-1.142196,-9.729174,-0.457102,-4.088086,-1.555088,-2.42445,2.526886,-0.768448,-0.246048,0,19.0384,36.9125,10.0754,187.6584,82.7931,111.8111,0,62.65026,60.01577,30.36783,11,NaN,5.076,16.687,185.3,24 / 34,385034,2020-01-17 18:13:46:757
-0.846741,-2.781494,9.20282,-1.486579,-8.594259,-4.483212,0.368918,-8.92226,3.625815,1.310181,-2.129669,-0.497818,0,8.3969,28.334,30.0552,187.6985,61.2076,161.6551,0,62.15392,60.015682,30.368002,15,NaN,4.644,15.170001,175.9,25 / 34,390034,2020-01-17 18:13:51:757
-0.948502,-5.647354,-4.174774,-1.788943,-8.800365,-3.940004,0.810649,-13.837963,-16.904041,2.800659,0.272675,0.839798,0,12.5305,31.3049,30.3696,182.0695,63.8168,155.5798,0,62.45403,60.015633,30.368,15,NaN,0,13.653,,25 / 34,395034,2020-01-17 18:13:56:757
-1.939697,-1.291107,5.380478,-1.731276,-8.103204,-5.245107,0.440741,6.434923,9.516516,-2.017532,2.068893,2.065216,0,18.4296,32.3776,26.4801,163.5109,68.9009,154.777,0,59.31226,60.015533,30.367987,16,NaN,6.264,13.653,175.2,25 / 34,400034,2020-01-17 18:14:01:757
0.816025,-23.49733,-0.008865,-0.629829,-9.758919,0.732941,-4.771074,-4.04625,-7.510424,-2.859619,0.618179,1.002426,0,15.8997,38.8535,-2.3193,233.4028,84.3447,40.673,0,67.21031,60.015446,30.367931,17,NaN,4.068,15.170001,197,25 / 34,405034,2020-01-17 18:14:06:757
-6.983093,-10.299286,-1.569885,0.135121,-9.350678,2.952447,-2.414727,-0.931763,-6.763333,-0.043594,-0.772705,-0.099762,0,14.2197,36.9141,-5.5176,274.4823,76.5979,7.4293,0,72.0869,60.015354,30.367943,18,NaN,7.416,15.170001,181.4,24 / 34,410034,2020-01-17 18:14:11:757
-3.102081,-8.829254,-0.622986,-0.992605,-9.70921,-0.957265,2.226813,4.333279,0.32081,2.529907,-0.646652,-1.075012,0,15.1794,39.4135,8.9233,160.9455,81.9164,133.9617,0,67.79576,60.01522,30.36794,17,NaN,10.836,15.170001,178.1,25 / 34,415034,2020-01-17 18:14:16:757
-5.742889,-10.513565,12.288956,-1.363325,-8.485952,-4.722325,-1.066976,-5.374316,7.704629,-0.511597,-1.756302,-0.205582,0,10.8002,26.3977,33.1863,175.2536,59.92,163.8967,0,64.27025,60.01513,30.367935,19,NaN,4.968,15.170001,177.6,25 / 34,420034,2020-01-17 18:14:21:757
-1.946884,-5.392364,-7.34111,-1.520905,-8.955305,-3.695911,-0.665842,1.820916,-4.625317,1.118439,1.10199,0.290482,0,9.8724,20.5826,31.5216,180.6668,55.2621,162.336,0,56.61731,60.015053,30.367947,20,NaN,6.156,13.653,174.6,26 / 34,425034,2020-01-17 18:14:26:757
-2.431702,-0.838592,2.222534,-2.276647,-8.227819,-4.825997,-1.931363,5.579093,7.255769,-1.949539,2.20932,1.627029,0,18.9087,25.9781,23.4329,143.8966,57.0351,154.7446,0,59.81575,60.014965,30.367954,19,NaN,7.236,15.170001,186.6,26 / 34,430034,2020-01-17 18:14:31:757
6.546555,-18.553299,-3.479263,-0.918532,-9.758003,0.328713,-3.777078,-4.970877,-1.466865,-3.034332,1.578507,1.306381,0,7.3883,42.5522,4.9576,265.1149,84.2907,70.3093,0,64.60131,60.014885,30.367954,18,NaN,5.472,15.170001,187.3,27 / 34,435034,2020-01-17 18:14:36:757
-5.841049,-14.548996,-4.260971,0.267013,-9.332482,3.000646,-6.827888,-1.860258,-4.555298,-1.106552,-0.147751,0.344986,0,13.0371,43.2007,-7.9208,296.2066,72.11,-5.0851,0,60.17317,60.01481,30.368008,19,NaN,5.436,15.170001,167.3,26 / 34,440034,2020-01-17 18:14:41:757
-3.959213,-8.225906,0.912903,-0.30821,-9.627866,1.838364,2.282369,3.198423,-0.631883,2.067398,-2.284668,-0.361099,0,18.277,42.3035,4.3716,159.9341,83.5767,117.4593,0,67.11077,60.01471,30.368025,17,NaN,9.828,16.687,192,26 / 34,445033,2020-01-17 18:14:46:756
3.807587,-6.421875,-0.715149,-1.014934,-9.752195,-0.187068,-2.968541,-3.027035,10.606064,1.886307,0.195084,-0.376907,0,18.4265,29.5868,22.2015,148.5738,64.8258,155.7632,0,64.23436,60.014614,30.36809,16,NaN,8.208,18.203999,171.6,25 / 34,450034,2020-01-17 18:14:51:757
-3.501922,-15.574905,6.977417,-1.442171,-8.550713,-4.579938,4.004723,0.990698,4.551853,-0.989548,-0.783539,-0.668426,0,12.2971,25.6516,26.7456,165.4634,60.6837,162.5214,0,64.77935,60.014534,30.368076,16,NaN,10.332,18.203999,214.7,23 / 34,455034,2020-01-17 18:14:56:757
-6.573684,-12.717438,13.764984,-1.022388,-8.563753,-4.667679,-0.920097,-4.225017,9.088911,-1.165497,0.241608,-0.33963,0,12.4252,28.656,32.3044,162.443,60.8397,167.6453,0,61.02628,60.01444,30.368149,17,NaN,5.436,18.203999,187.8,23 / 34,460034,2020-01-17 18:15:01:757
3.714203,-32.373825,-20.042343,-1.348412,-8.931525,-3.81838,2.493427,6.849479,5.731653,3.021881,0.76767,0.742157,0,16.6382,19.9783,30.6274,149.9427,57.1443,167.9945,0,57.86142,60.014397,30.36822,16,NaN,5.292,16.687,231.7,21 / 34,465034,2020-01-17 18:15:06:757
-0.778519,-4.378433,-2.035553,-1.33989,-8.583407,-4.549749,0.904105,7.47275,10.570018,-1.01564,3.040589,0.415466,0,22.6059,22.9446,20.932,136.0987,58.7186,155.2742,0,61.52538,60.01433,30.368282,10,NaN,6.264,16.687,186.9,21 / 34,470034,2020-01-17 18:15:11:757
-3.073349,-11.024734,-2.836426,-1.579247,-9.431623,-2.172756,-0.422137,-1.927878,2.202166,-3.385681,0.4021,0.490036,0,20.8435,31.1905,8.1863,128.0307,74.1035,143.9888,0,63.94158,60.01423,30.36841,7,NaN,8.712,16.687,163.8,21 / 34,475034,2020-01-17 18:15:16:757
5.449997,-14.647156,3.638703,-1.212789,-9.727621,0.270035,4.868309,-9.217108,2.478838,-3.354431,1.13234,0.659424,0,18.4448,28.9627,-15.9607,145.7676,82.7211,77.4475,0,56.16854,60.014126,30.368546,8,NaN,4.536,16.687,185.1,21 / 34,480034,2020-01-17 18:15:21:757
1.897003,-13.750534,9.285431,-0.218226,-9.658735,1.682737,-6.02957,-2.863185,-4.676894,-0.218124,-0.585037,-0.052887,0,12.7304,29.8523,-8.1985,281.376,72.6401,-6.5565,0,67.59432,60.014076,30.368578,8,NaN,4.248,16.687,179.1,20 / 34,485034,2020-01-17 18:15:26:757
-5.029419,-12.061417,-0.151321,0.24915,-9.301258,3.097564,-1.568383,0.700155,-4.135344,0.738846,-1.118912,-0.263458,0,9.1248,40.0513,-5.9769,266.1516,79.2399,14.744,0,69.36042,60.013992,30.368511,6,NaN,7.452,16.687,197.3,20 / 34,490034,2020-01-17 18:15:31:757
-5.168274,-8.622147,0.985931,-0.641192,-9.750175,0.832685,-3.691351,0.977177,-1.417722,2.202332,-2.255203,-0.02359,0,14.3921,38.5605,13.9587,288.8831,83.848,37.5973,0,70.66623,60.013897,30.368488,6,NaN,7.632,15.170001,183,21 / 34,495034,2020-01-17 18:15:36:757
-2.93689,-6.453003,2.933609,-0.934132,-9.517219,-2.172634,-3.108879,2.176253,1.690295,2.340653,0.081284,-0.69986,0,13.4979,25.5417,33.4579,182.2223,76.0452,156.7346,0,71.92203,60.01382,30.368435,2,NaN,5.832,15.170001,178.5,22 / 34,500034,2020-01-17 18:15:41:757
-1.982803,-9.178802,-5.656784,-0.65403,-8.499227,-4.848276,3.913051,-13.926048,-14.226215,-0.09668,0.155853,-0.203445,0,13.4705,30.1636,27.3636,159.3588,65.2749,164.5962,0,64.01285,60.013752,30.368502,2,NaN,4.5,16.687,146.7,21 / 34,505035,2020-01-17 18:15:46:758
-3.064972,-4.80101,-5.116897,-1.310507,-9.000784,-3.665903,3.394115,8.642758,7.923671,2.526886,1.202652,0.559631,0,15.5609,22.8104,32.1426,153.6841,55.426,165.9733,0,59.49791,60.013695,30.368568,4,NaN,5.652,16.687,174.1,22 / 34,510035,2020-01-17 18:15:51:758
3.687866,-0.382507,5.900025,-2.256542,-8.723991,-3.869158,-0.461614,4.773103,6.539952,-2.134888,1.760315,1.748123,0,18.898,29.2404,15.535,132.17,62.823,149.7487,0,53.91823,60.013603,30.368582,2,NaN,6.12,15.170001,182.8,22 / 34,515034,2020-01-17 18:15:56:757
-4.360245,-15.074524,-7.672699,-0.168552,-9.460305,2.577715,-3.873038,-4.601014,-3.377737,-0.924225,-0.027374,0.401978,0,10.6339,39.4669,-13.4384,267.5348,72.3458,-0.4474,0,57.99304,60.013515,30.368607,1,NaN,7.488,15.170001,205.1,22 / 33,520034,2020-01-17 18:16:01:757
-3.378616,-8.075073,0.262878,-0.47922,-9.719563,1.212781,1.109669,2.837161,1.941514,2.451431,-1.204849,-0.293808,0,18.132,32.8751,14.7263,156.1008,78.6392,146.8133,0,71.09671,60.013424,30.368576,0,NaN,7.704,15.170001,210,22 / 33,525035,2020-01-17 18:16:06:758
-4.65712,-13.460831,18.058975,-1.759593,-9.324862,-2.474099,-0.7867,-1.878891,12.204855,2.273529,-2.774155,-1.757843,0,12.1338,26.2482,27.066,169.6848,62.0654,160.9242,0,71.62972,60.013332,30.368599,4,NaN,6.516,18.203999,179.3,22 / 34,530034,2020-01-17 18:16:11:757
2.609284,-1.177383,2.46315,-1.423935,-8.135099,-5.288001,4.33027,7.304732,8.790878,1.171509,1.340073,0.534958,0,19.6091,22.8073,27.5147,139.1176,56.0525,164.9291,0,63.26845,60.01326,30.368738,5,NaN,4.212,18.203999,186.9,23 / 33,535034,2020-01-17 18:16:16:757
2.292053,-14.009109,-0.612198,-1.535322,-9.547358,-1.631299,2.889805,-4.686578,2.583513,-3.256607,1.439499,0.873718,0,15.303,40.5014,-4.2419,284.8598,76.4638,7.6389,0,57.29087,60.013187,30.368792,1,NaN,5.58,16.687,206.4,23 / 33,540034,2020-01-17 18:16:21:757
-5.320312,-13.011917,-0.730713,0.208691,-9.395848,2.800868,-2.527072,1.919179,-2.048096,2.041489,-1.391449,-0.599899,0,14.3631,38.5529,1.0742,248.575,84.6711,39.5482,0,65.06645,60.013096,30.368862,1,NaN,6.912,16.687,192.5,23 / 33,545034,2020-01-17 18:16:26:757
-6.050552,-17.173035,-10.552933,-0.93442,-9.65076,-1.469723,-0.899427,-0.556846,12.162588,2.271225,-0.278946,-1.025482,0,13.9404,25.8316,31.2119,157.1261,58.1909,166.2121,0,61.41431,60.013035,30.368793,-1,NaN,6.696,16.687,246.2,23 / 33,550034,2020-01-17 18:16:31:757
-4.968368,-18.151077,-22.444933,-1.385592,-8.515088,-4.663025,3.894084,7.639481,8.732591,1.328995,1.418716,0.613968,0,14.3646,23.8541,32.4509,166.6853,60.2614,163.451,0,60.95574,60.012993,30.368748,2,NaN,3.78,16.687,223.8,24 / 33,555034,2020-01-17 18:16:36:757
-0.892242,-11.254578,-3.798889,-1.553352,-9.298984,-2.699332,4.480684,-9.073381,2.708234,-3.21257,0.640198,0.311966,0,17.5766,35.8948,11.5692,125.8291,71.4835,150.0814,0,59.46358,60.0129,30.368765,-1,NaN,6.624,15.170001,189,24 / 33,560034,2020-01-17 18:16:41:757
-3.027862,-14.86264,-8.515472,0.397796,-9.396951,2.776592,-5.061286,-2.40824,-3.841429,-0.264816,-0.213791,-0.192444,0,12.7167,42.9108,-7.0175,283.1864,76.5787,0.6599,0,70.2155,60.012806,30.36883,3,NaN,7.236,15.170001,172.9,25 / 33,565034,2020-01-17 18:16:46:757
-1.435715,-3.755936,3.316681,-0.484096,-9.793797,0.1326,-0.078445,4.308797,0.781532,2.205002,-0.983093,-0.346191,0,10.0418,29.6036,26.3931,182.3519,70.838,157.572,0,68.22202,60.012676,30.368853,4,NaN,9.036,15.170001,176.6,25 / 33,570034,2020-01-17 18:16:51:757
2.634415,-17.636322,-16.23317,-1.163336,-8.562579,-4.636731,3.209963,6.112854,4.974144,2.032425,1.297455,0.488983,0,11.3815,23.4268,19.0765,114.6926,52.3523,165.4504,0,60.88111,60.01262,30.368835,7,NaN,3.96,15.170001,156.8,25 / 33,575034,2020-01-17 18:16:56:757
-2.265304,-4.397583,0.1707,-2.168677,-8.479578,-4.423119,2.292571,-5.548889,2.163328,-2.958343,1.035934,0.512939,0,18.869,40.3519,6.546,136.9827,77.9812,136.1394,0,52.58016,60.01258,30.368809,3,NaN,6.048,15.170001,203.4,26 / 33,580034,2020-01-17 18:17:01:757
-5.592056,-10.475266,-2.227096,0.111866,-9.462665,2.572128,-4.538579,-2.43479,-5.61261,1.99408,-0.88562,-0.615356,0,15.1199,40.9607,0.0076,307.2433,74.7796,-2.4903,0,61.73694,60.01254,30.368696,2,NaN,5.796,15.170001,206.8,26 / 33,585034,2020-01-17 18:17:06:757
3.00911,-6.899521,-1.089844,-1.408406,-9.489498,-2.033769,1.717809,0.987865,12.667286,2.322006,-0.699738,-0.828766,0,11.5524,19.2169,27.9495,164.1763,61.2037,166.0095,0,61.23477,60.012493,30.36864,-1,NaN,4.176,15.170001,206.2,27 / 33,590034,2020-01-17 18:17:11:757
1.804825,-21.279099,-16.31697,-1.519483,-9.003796,-3.576761,3.252361,4.567003,1.595724,0.487091,1.634796,0.554657,0,10.466,25.6439,28.4073,174.8629,56.5829,162.163,0,57.13314,60.01245,30.368658,-3,NaN,5.112,15.170001,169.4,27 / 33,595034,2020-01-17 18:17:16:757
-8.623108,-8.362381,-0.863602,-1.277446,-9.176153,-3.215078,2.216708,-3.699132,1.444854,-2.509155,0.655808,0.855789,0,3.4576,42.7597,-0.6592,1.7734,85.0388,71.8839,0,53.34299,60.01237,30.368673,-2,NaN,5.364,16.687,209.1,26 / 33,600034,2020-01-17 18:17:21:757
-6.104416,-10.667999,-2.016403,-0.160705,-9.507349,2.398931,0.193786,2.404472,-1.240568,2.269455,-3.154449,-0.575043,0,18.8736,39.6149,10.9497,204.2733,83.8838,100.4991,0,67.03835,60.01231,30.36865,-8,NaN,7.992,16.687,226.8,26 / 33,605035,2020-01-17 18:17:26:758
-4.14357,-15.317535,4.271973,-1.897119,-8.799975,-3.889955,2.22797,-6.121317,-1.185663,0.723572,-1.696289,0.316589,0,11.8286,30.603,26.4603,172.0241,64.2601,158.6709,0,61.90879,60.012245,30.368582,-7,NaN,5.688,16.687,212.4,26 / 33,610034,2020-01-17 18:17:31:757
-2.787247,-3.156189,1.761643,-1.834147,-8.955668,-3.549968,-1.723201,3.759811,5.080612,-2.36055,1.477493,1.23111,0,13.411,26.7502,29.7699,186.742,65.9548,152.6762,0,60.03586,60.01218,30.368593,-5,NaN,4.536,16.687,182.7,26 / 33,615034,2020-01-17 18:17:36:757
-5.569305,-14.465195,-2.284561,0.19442,-9.318565,3.049087,-4.764736,-2.28971,-2.168158,-0.242615,0.158691,-0.140411,0,11.3815,36.1542,-5.9708,256.3451,81.2506,10.629,0,68.19589,60.0121,30.368614,-1,NaN,6.192,18.203999,180.3,27 / 33,620034,2020-01-17 18:17:41:757
-2.351501,-15.228943,6.831375,-1.788512,-8.767013,-4.013865,-0.889032,-5.35297,11.020014,-0.221313,-1.478439,0.268646,0,9.285,28.949,27.9572,193.581,63.3785,155.983,0,67.6171,60.01202,30.368668,-4,NaN,4.284,16.687,182.3,26 / 33,625034,2020-01-17 18:17:46:757
2.22142,-2.277511,4.268372,-1.975101,-8.682316,-4.10935,-2.003431,2.129884,4.452003,-1.11702,3.318619,1.682068,0,19.0384,35.5408,7.8903,117.4577,75.0854,150.3821,0,53.26563,60.01196,30.368727,-4,NaN,5.292,16.687,178.7,25 / 33,630034,2020-01-17 18:17:51:757
-10.676147,-11.273727,0.187454,0.854317,-9.366987,2.774901,-5.572623,-2.109651,-4.396887,1.487015,-0.704346,-0.773178,0,6.4148,36.7569,4.245,337.1512,75.7297,-4.534,0,69.10652,60.01188,30.368757,-5,NaN,4.212,16.687,179.2,26 / 33,635034,2020-01-17 18:17:56:757
-3.193069,-9.332031,2.698975,-0.524058,-9.764361,-0.743648,-3.035771,0.093456,0.431451,3.541199,-2.83168,-1.685043,0,-3.6026,33.3466,39.9139,215.974,62.599,166.2391,0,68.41834,60.011795,30.368773,-11,NaN,2.484,15.170001,183,26 / 33,640035,2020-01-17 18:18:01:758
3.191071,-2.126678,3.119156,-1.585689,-8.066744,-5.346366,-0.277286,5.002973,8.12039,-1.326004,2.939926,1.111267,0,13.7695,28.1845,18.6905,106.2418,55.3438,163.4801,0,62.72664,60.01175,30.368795,-11,NaN,2.88,16.687,199.2,26 / 33,645034,2020-01-17 18:18:06:757
5.614014,-17.86975,-1.462143,-0.271588,-9.651455,1.716406,-5.360998,-3.849764,-5.33073,-1.659958,0.173615,0.733627,0,14.9765,40.506,-15.6982,264.2359,72.0932,-3.8732,0,69.08209,60.01167,30.36875,-15,NaN,7.02,16.687,199.6,26 / 33,650034,2020-01-17 18:18:11:757
2.307617,-6.400329,0.896149,-1.486396,-9.258404,-2.871059,6.025042,2.59132,3.852282,2.947662,-2.180633,-1.308121,0,15.8722,26.7212,27.1927,175.0385,70.7509,152.6286,0,64.77461,60.011562,30.368824,-14,NaN,4.86,16.687,169,26 / 33,655035,2020-01-17 18:18:16:758
-3.501922,-12.577377,-16.692856,-1.252772,-9.029999,-3.61387,1.664618,7.221808,4.242763,0.067551,0.438675,-0.066727,0,17.6575,26.712,30.9631,155.8629,57.0646,160.579,0,64.75333,60.011494,30.368885,-10,NaN,4.5,16.687,160.2,26 / 33,660034,2020-01-17 18:18:21:757
-2.042648,-11.54068,-4.088592,-1.428336,-9.230622,-2.987615,3.193248,-5.360977,1.515124,-2.820038,0.945221,0.597275,0,16.4917,38.4003,-5.1529,195.0154,83.691,61.4194,0,57.95444,60.011402,30.368925,-13,NaN,5.904,16.687,180.8,25 / 33,665034,2020-01-17 18:18:26:757
-3.943649,-12.473221,-0.492493,0.355342,-9.328502,3.003862,-4.978633,-2.451268,-3.941746,0.347,-0.70079,-0.1651,0,11.6745,40.506,-5.9647,277.2718,78.6722,3.3979,0,65.81822,60.011322,30.368944,-13,NaN,5.112,16.687,192.3,25 / 33,670035,2020-01-17 18:18:31:758
-3.695846,-16.566116,3.363373,-1.168709,-8.821398,-4.121582,2.984616,5.002445,8.74012,3.296188,-2.420135,-1.751282,0,5.8456,29.0955,25.5554,186.6625,64.0967,164.1689,0,63.15074,60.011242,30.368933,-13,NaN,4.788,18.203999,185,26 / 33,675034,2020-01-17 18:18:36:757
3.106079,-26.581055,-16.297821,-1.175095,-9.054315,-3.578956,1.509978,5.808005,2.161276,3.030945,0.45076,0.689255,0,7.1274,31.2027,24.6063,185.4475,67.4109,161.8232,0,60.58258,60.01118,30.368975,-12,NaN,4.428,16.687,154.7,25 / 33,680034,2020-01-17 18:18:41:757
-6.304336,-8.429413,-1.171249,-1.223721,-9.11795,-3.39645,2.56045,-3.78361,2.0112,-2.652786,0.76767,0.752457,0,10.1974,39.7568,-2.742,159.4345,84.9926,87.0449,0,60.67267,60.011105,30.368986,-14,NaN,4.824,18.203999,194.8,25 / 33,685034,2020-01-17 18:18:46:757
-5.709366,-13.805603,-0.377579,0.408444,-9.346003,2.942073,-4.860283,-1.853054,-4.160222,0.261963,-0.472473,-0.108459,0,9.2621,40.9592,-3.4225,302.259,78.2561,-2.206,0,61.94634,60.010994,30.369041,-13,NaN,7.848,16.687,179.2,24 / 33,690034,2020-01-17 18:18:51:757
-5.018646,-13.908554,13.774551,-1.057702,-9.638967,-1.46355,-2.207831,-2.432198,13.000958,0.745056,-0.741989,0.176849,0,5.8319,29.1031,27.063,198.4265,68.4075,157.3123,0,60.69327,60.010925,30.369083,-14,NaN,1.368,15.170001,180.1,25 / 33,695034,2020-01-17 18:18:56:757
2.766098,-2.228439,5.135071,-1.496012,-8.448589,-4.749072,-2.607153,4.005763,5.785404,-2.312607,2.396271,1.566315,0,7.8644,26.6418,30.072,160.7637,78.6773,154.9014,0,48.61859,60.010868,30.36912,-13,NaN,5.904,15.170001,190.7,25 / 33,700034,2020-01-17 18:19:01:757
-5.248489,-13.26091,-4.294494,0.365217,-9.503164,2.393089,-4.321192,-5.020616,-3.984065,-0.741165,-0.475143,0.299545,0,7.4722,40.9546,-8.8242,298.3676,73.1359,-9.8677,0,52.52741,60.010773,30.36911,-10,NaN,7.632,15.170001,185.7,25 / 33,705034,2020-01-17 18:19:06:757
2.65358,-5.400757,2.30513,-0.580275,-9.789408,0.034197,-0.974862,1.809886,-0.110749,1.935669,0.127975,-0.106155,0,10.0937,40.419,8.2764,185.6125,69.4289,160.8279,0,59.33489,60.01066,30.369146,-8,NaN,5.256,15.170001,174.8,25 / 33,710034,2020-01-17 18:19:11:757
1.140442,-18.378525,-10.835449,-1.125173,-8.408937,-4.918754,4.075256,-13.542068,-11.320904,-0.763885,0.751328,-0.211609,0,9.2621,27.153,30.2048,189.1712,59.7443,159.3442,0,55.87834,60.010612,30.369183,-5,NaN,3.924,15.170001,165.2,25 / 33,715034,2020-01-17 18:19:16:757
2.138825,-13.104095,9.868408,-0.378129,-9.709821,1.321664,3.239356,-4.531984,4.909031,-2.369064,0.676056,1.026047,0,7.3242,40.0635,-11.9415,287.7525,71.0304,-8.8205,0,62.23278,60.010532,30.369173,-4,NaN,5.004,15.170001,186.5,26 / 33,720034,2020-01-17 18:19:21:757
-3.784439,-8.919037,-0.062729,-0.194662,-9.735934,1.159346,-3.890388,1.910875,-2.440152,1.864822,-2.25679,-0.439575,0,8.2275,37.8143,13.9847,175.4992,81.0273,153.0481,0,72.35425,60.010426,30.36917,-2,NaN,6.12,15.170001,169.6,26 / 33,725034,2020-01-17 18:19:26:757
3.420914,-3.382446,11.027206,-0.960612,-8.548892,-4.707873,-1.397055,-3.871626,12.594047,-1.067306,0.115372,-0.124435,0,2.6611,31.3431,25.7095,208.5416,66.9421,159.873,0,72.94124,60.01035,30.36919,-1,NaN,3.384,15.170001,169.7,26 / 33,730034,2020-01-17 18:19:31:757
4.128403,-1.766357,4.153458,-0.862946,-8.191741,-5.321757,4.312501,6.9563,8.72683,-1.209183,2.451141,0.506729,0,2.1698,24.7025,32.37,175.3313,69.2651,163.544,0,60.36188,60.010292,30.3692,0,NaN,7.056,13.653,182.7,27 / 34,735034,2020-01-17 18:19:36:757
-2.622055,-12.609695,7.723206,-0.599162,-9.741426,0.95708,-5.855899,-4.61274,-3.915689,-0.718613,-0.040161,0.247162,0,4.0222,43.6493,-7.4615,329.2781,71.1757,-6.6958,0,65.15439,60.010204,30.36917,-1,NaN,5.832,15.170001,187.7,28 / 34,740035,2020-01-17 18:19:41:758
0.85553,-7.493286,-1.591431,-0.222163,-9.764515,0.88049,-2.315279,1.960142,-0.595172,1.944016,-0.076553,-0.180191,0,4.7852,31.2363,27.3117,198.6379,61.641,162.9626,0,68.46015,60.010105,30.369165,-2,NaN,7.992,13.653,187,28 / 34,745034,2020-01-17 18:19:46:757
4.984329,-20.625475,-14.230423,-0.901392,-8.866325,-4.092205,2.322509,-8.900826,-10.65991,2.240509,0.544312,0.485596,0,-1.0895,25.8041,33.7982,211.7174,56.7597,167.6491,0,59.53231,60.01005,30.369175,-1,NaN,3.78,13.653,184,27 / 34,750035,2020-01-17 18:19:51:758
-3.671905,-13.112473,9.18367,-0.816748,-9.765022,0.384274,3.219965,-7.822098,3.369548,-3.235306,1.586151,0.415649,0,0.8926,40.3503,-6.398,345.1152,71.8388,-8.2482,0,66.25363,60.009983,30.36916,-2,NaN,5.796,13.653,201.5,27 / 34,755034,2020-01-17 18:19:56:757
0.490417,-7.611801,-1.031189,-0.577809,-9.626842,-1.777761,-3.378791,-2.9913,3.020088,3.035736,-2.309708,-1.434357,0,-1.4755,33.815,15.7181,219.1198,62.6814,172.8183,0,63.04605,60.009903,30.369122,1,NaN,5.4,13.653,193.1,27 / 34,760036,2020-01-17 18:20:01:759
3.291626,-2.712067,3.954743,-1.144282,-8.419219,-4.896708,-1.69037,3.491211,6.523817,-1.983261,2.429489,1.079483,0,5.5191,38.9816,12.3871,165.1731,75.6127,157.1431,0,62.01932,60.00983,30.369068,4,NaN,7.308,15.170001,190.3,27 / 34,765034,2020-01-17 18:20:06:757
-3.200241,-7.782974,2.918045,-0.149627,-9.676517,1.585249,-3.243779,1.955773,-1.134406,1.945252,-2.244537,-0.477402,0,6.5811,38.4232,13.5071,192.161,83.0763,144.8957,0,68.96569,60.009743,30.369041,4,NaN,7.632,15.170001,188.3,27 / 34,770034,2020-01-17 18:20:11:757
-5.970337,-15.586884,6.605118,-0.516884,-8.953464,-3.967206,3.537498,-12.084208,-10.043654,-0.71933,-0.428619,-0.11113,0,2.2141,26.5762,30.0278,194.3023,60.5703,169.9716,0,56.12276,60.00967,30.369072,2,NaN,4.536,15.170001,179.7,27 / 34,775034,2020-01-17 18:20:16:757
1.50676,-11.719055,-2.155273,-0.814465,-9.768365,0.293388,4.966849,-9.38311,1.764044,-3.092911,0.973801,1.22934,0,1.0422,38.9969,-11.6348,292.6328,71.6961,-7.7422,0,68.42374,60.0096,30.369139,1,NaN,6.084,15.170001,180.3,26 / 34,780034,2020-01-17 18:20:21:757
-2.431702,-9.012405,-0.6996,-0.140734,-9.801804,0.274262,-0.238738,1.813514,-2.080125,2.558487,-0.591614,0.307709,0,3.4439,22.8409,22.2122,179.6185,74.8728,172.5,0,68.28188,60.00952,30.369143,3,NaN,6.084,15.170001,162.1,27 / 34,785034,2020-01-17 18:20:26:757
-4.730148,-15.407318,-18.136566,-0.433644,-8.801614,-4.302783,2.527405,7.283463,5.69107,2.121552,1.140152,0.458969,0,6.7169,20.697,25.2625,170.2712,57.8554,168.43,0,61.51985,60.009476,30.369204,4,NaN,5.148,15.170001,172.9,25 / 34,790034,2020-01-17 18:20:31:757
4.895752,-14.673492,-0.971329,-0.617429,-9.784579,0.226256,-0.855322,-3.925263,2.916351,-3.043915,1.076416,1.183701,0,0.5798,37.8006,-14.4928,258.3309,71.8288,-13.3823,0,58.62152,60.009415,30.36924,2,NaN,5.832,13.653,167.7,26 / 34,795034,2020-01-17 18:20:36:757
1.692307,-7.58786,-0.254272,-0.316111,-9.797353,0.286955,-3.480636,-4.637127,-0.716177,2.817536,-1.635742,-1.05246,0,5.2917,32.1075,5.7388,184.109,73.1432,163.9433,0,61.11402,60.009327,30.369259,2,NaN,5.004,15.170001,163.7,26 / 34,800034,2020-01-17 18:20:41:757
0.191147,-2.756348,-0.554749,-0.75091,-9.068435,-3.656503,3.739617,6.734222,8.008043,0.537857,1.303146,0.416901,0,5.9753,26.6907,21.817,172.0083,71.7348,169.3786,0,56.26207,60.009274,30.369282,1,NaN,3.348,15.170001,183.2,26 / 34,805034,2020-01-17 18:20:46:757
-4.235733,-14.953613,-8.396957,0.870555,-9.262919,3.100136,-3.778262,-4.526654,-7.502815,-0.454971,-0.570297,0.081329,0,-0.5676,36.6058,-13.5498,253.4695,70.8311,-15.6854,0,57.32782,60.00917,30.36929,3,NaN,9.684,15.170001,185.6,26 / 34,810034,2020-01-17 18:20:51:757
-0.880264,-6.111831,2.506241,-0.173989,-9.725126,-1.249811,-2.186877,-0.87852,11.888086,1.63118,0.79483,-0.579834,0,-1.2039,26.413,24.1989,199.7514,65.2941,173.2036,0,64.68448,60.00908,30.36933,3,NaN,0,15.170001,,26 / 34,815034,2020-01-17 18:20:56:757
1.797653,-2.759949,-0.498474,-0.530585,-8.592564,-4.696457,3.139025,6.498645,7.239319,-1.066956,1.753922,0.458618,0,4.3472,26.9882,16.1362,144.0091,60.407,168.4721,0,62.28047,60.009052,30.36936,5,NaN,7.524,15.170001,156.4,26 / 34,820034,2020-01-17 18:21:01:757
-4.247711,-18.57605,4.810669,-1.231145,-8.640442,-4.471849,0.225649,-6.9883,3.670005,-1.207397,0.229538,0.18573,0,-5.1178,20.5704,20.1477,240.4595,60.8797,165.4357,0,58.23294,60.00897,30.369413,6,NaN,2.952,15.170001,161.3,25 / 34,825034,2020-01-17 18:21:06:757
6.642319,-18.942352,-2.212723,0.211723,-9.771369,0.803681,-2.864964,-4.6742,-5.36966,-2.95816,0.723282,0.747833,0,-0.6149,35.257,-11.7996,277.2574,70.8939,-16.219,0,64.71445,60.008892,30.369421,7,NaN,5.76,15.170001,177.8,25 / 34,830034,2020-01-17 18:21:11:757
-1.729004,-14.095291,6.480622,0.295053,-9.718362,-1.279357,0.572459,0.903247,8.230835,2.381302,-0.244507,0.069611,0,-4.5425,25.6485,24.5132,192.5732,66.7773,-175.2328,0,64.28661,60.0088,30.369524,7,NaN,4.572,15.170001,142.8,25 / 34,835034,2020-01-17 18:21:16:757
-3.169128,-7.799743,-1.228714,-0.554705,-8.960889,-3.945271,4.237074,-6.117898,3.048716,-3.412857,0.556213,-0.119995,0,4.631,39.592,-4.5639,30.0951,86.1563,-176.007,0,59.45348,60.008743,30.369585,7,NaN,5.832,13.653,178,26 / 34,840034,2020-01-17 18:21:21:757
0.792084,-12.221832,-4.600952,0.863038,-9.327366,2.902721,-2.270552,0.751798,-3.152428,2.018402,-0.592499,-0.34761,0,1.9348,34.7076,0.9171,343.8259,84.8533,-24.2902,0,60.56148,60.008633,30.36958,10,NaN,7.272,13.653,183.3,25 / 34,845034,2020-01-17 18:21:26:757
3.566971,-7.931427,-4.390259,-0.175901,-9.189535,-3.419341,3.148321,-13.129253,-12.848234,2.72255,1.252548,0.727951,0,12.2742,21.463,17.4637,111.5119,58.2794,175.4502,0,65.09662,60.008575,30.369556,9,NaN,5.22,13.653,185.5,26 / 34,850035,2020-01-17 18:21:31:758
-2.462829,-13.386612,9.61702,0.134893,-9.789278,-0.567647,3.525015,-5.103366,5.61616,-2.964905,1.212067,0.683914,0,-4.3213,33.9661,-8.197,27.7939,72.908,-21.575,0,67.20603,60.008495,30.369566,9,NaN,6.624,15.170001,187.3,26 / 34,855034,2020-01-17 18:21:36:757
-8.13948,-17.53337,-9.048172,-0.218,-9.722912,-1.260102,10.598137,4.458293,0.173112,0.912125,-0.49324,-0.930313,0,6.0074,18.602,24.4888,170.073,63.2612,171.4216,0,67.84728,60.008427,30.369589,8,NaN,3.24,15.170001,187.1,26 / 34,860035,2020-01-17 18:21:41:758
0.387466,-11.626877,-4.223861,-0.674073,-8.742329,-4.391776,2.705302,-3.688725,2.524208,-2.650482,1.657166,2.271347,0,-6.3721,32.2311,8.0948,224.4957,79.8214,-163.6306,0,66.60164,60.00838,30.369648,11,NaN,5.328,15.170001,168.8,24 / 34,865035,2020-01-17 18:21:46:758
0.964462,-9.043533,0.255692,0.578211,-9.767357,0.659391,-2.257444,-3.064552,-2.336613,2.552277,-0.713577,-0.524261,0,1.1459,29.8828,18.454,167.7982,76.9209,-175.8558,0,66.74536,60.00833,30.369623,14,NaN,5.688,15.170001,183.7,25 / 34,870034,2020-01-17 18:21:51:757
3.18988,-0.781143,4.456314,-0.073294,-8.178528,-5.410795,-1.874346,4.122939,6.59027,-0.635529,1.940704,0.361862,0,-1.2161,35.6964,6.0761,189.2924,88.9406,-178.8159,0,69.00539,60.00827,30.36963,17,NaN,7.308,15.170001,188.2,24 / 34,875034,2020-01-17 18:21:56:757
-0.027924,-10.784119,0.351456,0.691105,-9.682865,1.390999,-2.369938,1.801699,-2.501809,1.849915,-1.249054,-0.454132,0,-4.0665,33.7723,12.6205,180.7827,82.8633,-163.4309,0,68.98229,60.008156,30.369646,19,NaN,8.892,13.653,174.2,23 / 34,880034,2020-01-17 18:22:01:757
8.597183,-25.954971,-16.75032,0.212833,-8.978493,-3.938497,1.557782,-8.047092,-12.408337,0.858322,-0.381927,0.12413,0,-5.751,27.1225,24.2126,199.0044,58.1877,179.7284,0,66.52072,60.00811,30.369652,23,NaN,4.104,15.170001,196.1,23 / 34,885034,2020-01-17 18:22:06:757
1.545059,-12.94368,10.736313,0.502952,-9.433949,2.630213,-2.092724,-4.573766,-4.539529,-0.149765,-0.71553,0.012619,0,-5.22,38.1531,-11.2228,33.2441,67.0452,-12.0618,0,69.30295,60.008034,30.369644,26,NaN,4.788,13.653,182.2,22 / 33,890034,2020-01-17 18:22:11:757
4.27565,4.296967,12.851593,0.286889,-8.739744,-4.439025,-1.335503,-8.825706,2.893753,1.511871,-1.685272,-0.346542,0,-8.7784,24.5468,28.006,206.4515,59.7544,-174.1528,0,65.52512,60.00796,30.369637,25,NaN,2.988,13.653,194.8,22 / 34,895034,2020-01-17 18:22:16:757
-2.2677,-11.519135,-1.135345,0.233132,-9.795853,-0.396636,4.147468,-8.144723,2.82621,-2.81842,1.164307,0.929459,0,-7.0679,36.3037,-12.0712,133.1798,71.3407,-23.424,0,59.83318,60.00788,30.369644,25,NaN,5.472,13.653,176.4,22 / 34,900034,2020-01-17 18:22:21:757
2.83194,-5.383987,-0.080688,0.337222,-9.797153,-0.269197,1.441024,3.015205,-0.752871,2.24353,-1.447021,-0.280502,0,-8.1558,28.5782,16.3162,246.4347,65.7736,-176.7206,0,68.50792,60.007793,30.369623,24,NaN,5.724,13.653,185.4,24 / 34,905034,2020-01-17 18:22:26:757
0.841171,-1.807053,-0.408691,0.383821,-8.834844,-4.238939,1.082917,6.833985,10.001806,2.084992,1.536972,0.700073,0,-5.8517,27.5864,18.0679,190.615,75.1364,-167.8294,0,61.55231,60.00775,30.369623,25,NaN,4.248,13.653,184.8,23 / 34,910034,2020-01-17 18:22:31:757
-0.257767,-12.048248,10.030029,0.663885,-9.6787,1.43262,-3.245105,-4.651023,-3.572712,-2.634674,0.197037,0.75032,0,-4.7852,37.4084,-9.6695,19.4426,68.21,-20.378,0,61.54874,60.007664,30.369608,21,NaN,4.752,13.653,188.8,24 / 34,915034,2020-01-17 18:22:36:757
-2.193481,-9.351181,-0.889938,0.543813,-9.789701,0.19086,1.544452,3.496454,1.366393,3.01532,-1.610535,-0.74762,0,-7.3654,22.6761,26.2985,195.7956,63.6103,-173.1754,0,58.42053,60.0076,30.369625,21,NaN,5.292,13.653,188.7,24 / 34,920034,2020-01-17 18:22:41:757
2.985169,-15.406128,-7.497925,0.021051,-8.92037,-4.073936,3.435916,-8.140568,-6.206406,-1.424179,0.613739,-0.004593,0,-6.1859,20.108,30.3543,208.5972,60.0694,175.2736,0,59.17656,60.00754,30.369648,20,NaN,4.212,13.653,175.4,24 / 34,925034,2020-01-17 18:22:46:757
-3.455231,-14.177902,-3.74263,1.252067,-9.27391,2.932116,-1.805902,-1.969253,-2.820769,-0.772064,-0.163376,0.6548,0,2.3788,37.1094,-8.2184,292.6853,76.9906,-26.8788,0,61.84595,60.00745,30.369675,19,NaN,5.076,15.170001,183.8,25 / 34,930034,2020-01-17 18:22:51:757
-0.075821,-4.996124,1.825089,0.102409,-8.763498,-4.400113,0.326482,3.486361,6.830371,-2.26503,1.745758,0.746414,0,-13.0737,32.3471,15.4816,230.2907,77.8001,-173.3281,0,56.17461,60.00738,30.369652,20,NaN,6.444,15.170001,208.6,26 / 34,935034,2020-01-17 18:22:56:757
1.491196,-4.993744,-0.715149,-0.166516,-8.687714,-4.546019,1.107086,1.803598,5.433873,-1.693161,1.74736,0.452408,0,-15.6265,30.0858,20.6299,232.6637,75.4194,178.9717,0,62.09981,60.00735,30.36957,22,NaN,4.068,13.653,246.7,27 / 34,940033,2020-01-17 18:23:01:756
1.327194,-8.342026,-3.136886,0.068166,-9.308366,-3.085462,0.706142,1.449286,1.258946,0.222549,-0.090042,0.404816,0,-13.5101,25.7126,19.3085,222.4222,70.9858,-170.0713,0,67.2004,60.007313,30.369526,23,NaN,0.864,15.170001,245.1,27 / 34,945034,2020-01-17 18:23:06:757
0.296478,-9.649261,0.941635,0.528464,-9.779567,0.501204,0.721246,0.176519,0.304887,0.262482,-0.047256,-0.119827,0,-11.116,34.6527,10.6918,156.1356,86.6828,-114.1911,0,69.1431,60.007305,30.36951,21,NaN,0.864,13.653,245.3,27 / 34,950034,2020-01-17 18:23:11:757
0.20192,-10.320831,1.570114,-0.068404,-9.652015,1.733297,0.500147,-0.755955,-0.477425,-0.309204,0.132233,0.195679,0,-1.2207,34.2026,-25.7584,184.9457,80.5048,-6.0159,0,60.5801,60.007313,30.36952,22,NaN,1.296,13.653,244.9,27 / 34,955034,2020-01-17 18:23:16:757
1.063828,-10.636871,-5.347931,0.484994,-9.486989,-2.43561,0.44129,1.270276,1.162568,0.179749,0.665756,-0.077927,0,0.9827,36.8057,-5.2475,0.0172,75.3307,-168.7382,0,62.03662,60.007305,30.369547,21,NaN,0,13.653,,26 / 34,960034,2020-01-17 18:23:21:757
0.933334,-12.467239,-5.125274,-0.443262,-9.474186,-2.492727,0.122122,-0.074083,-0.489775,0.902725,0.128326,-0.105789,0,-22.728,33.2062,7.5348,280.0863,71.568,169.7744,0,54.17908,60.007298,30.369541,23,NaN,0,13.653,,27 / 34,965034,2020-01-17 18:23:26:757
-0.252991,-10.07663,0.082108,0.361848,-9.742948,1.055676,1.383284,-0.082994,-1.225458,0.15686,-1.049667,-0.115036,0,-13.5101,36.1572,3.9444,76.7849,85.9598,-12.4856,0,52.75138,60.007298,30.369532,24,NaN,0,13.653,,27 / 34,970034,2020-01-17 18:23:31:757
0.620895,-9.673203,-1.091049,0.477466,-9.670183,-1.558834,0.061359,0.133038,0.419348,-0.120117,0.213562,-0.004776,0,-18.4723,34.6603,12.9623,225.8013,81.7669,-161.9791,0,62.88016,60.00729,30.36952,24,NaN,0,13.653,,27 / 34,975034,2020-01-17 18:23:36:757
-0.084198,-9.844391,-1.720718,-0.06819,-9.657964,-1.699844,0.017712,0.011217,0.037641,0.018906,-0.039978,-0.009567,0,-11.1267,34.2087,17.9001,226.066,79.8494,177.7164,0,51.20705,60.00729,30.36952,24,NaN,0,13.653,,27 / 34,980034,2020-01-17 18:23:41:757
0.101364,-9.784531,0.565735,0.393996,-9.719781,1.241373,-0.795333,0.018558,-0.637843,0.291962,-0.177399,-0.096573,0,-11.467,39.0472,2.9999,67.7517,83.3603,-14.4742,0,72.62749,60.007275,30.369461,25,NaN,0,13.653,,27 / 34,985035,2020-01-17 18:23:46:758
2.105301,-12.184723,-4.06105,0.106155,-9.761125,-0.93785,-1.657303,-5.231014,7.81151,-2.621002,1.202484,1.23555,0,-9.314,40.9607,-7.9025,83.6154,74.3357,-23.2497,0,68.43144,60.007202,30.369442,26,NaN,5.652,13.653,196,26 / 34,990034,2020-01-17 18:23:51:757
-0.648025,-15.649139,-7.544616,1.138568,-9.677251,-1.106742,-3.089943,-2.803243,-1.977472,3.802536,-3.053787,-1.020325,0,1.7792,34.05,14.6133,63.5644,63.0868,-163.493,0,64.36099,60.00711,30.369438,29,NaN,3.744,13.653,155.8,27 / 34,995034,2020-01-17 18:23:56:757
2.507523,-6.02684,-3.105759,0.618242,-8.961189,-3.935132,6.423719,-15.095314,-12.154676,2.840073,0.728607,0.850098,0,9.2804,32.8354,17.4835,85.374,60.5114,172.3935,0,65.14865,60.007072,30.369547,27,NaN,5.868,13.653,141.5,27 / 34,1000034,2020-01-17 18:24:01:757
1.965241,-21.257553,0.70221,-0.504332,-9.75255,-0.896537,4.677678,-6.66542,4.071193,-3.085281,1.772385,0.11969,0,-1.8173,31.9519,-9.996,359.0123,71.8277,-11.3381,0,57.53168,60.00703,30.3696,24,NaN,5.832,13.653,175,27 / 34,1005034,2020-01-17 18:24:06:757
-2.578949,-7.896713,0.000717,0.793478,-9.401501,2.674429,-3.381444,1.172134,-2.45133,1.577744,-0.482071,-0.342819,0,-0.7843,25.8041,-5.9769,335.0679,73.4731,-16.5251,0,68.20825,60.006958,30.369556,24,NaN,8.64,15.170001,198.4,27 / 34,1010034,2020-01-17 18:24:11:757
-1.233414,-17.86496,21.41684,0.319916,-8.855779,-4.200383,2.598972,-6.347536,8.069261,-0.036316,-1.045059,-0.782593,0,-2.4033,16.3528,21.0541,181.8792,64.5603,-175.6446,0,63.95697,60.00691,30.369556,23,NaN,3.78,13.653,207.2,26 / 34,1015035,2020-01-17 18:24:16:758
-1.031097,-1.48024,2.961136,-0.026576,-8.225206,-5.340004,0.244609,6.527105,9.490425,-2.297165,2.191757,1.825531,0,-2.1225,19.2322,18.0313,262.6958,89.2043,154.8593,0,61.39937,60.00684,30.369549,23,NaN,6.372,13.653,190.6,25 / 34,1020035,2020-01-17 18:24:21:758
-9.184555,-16.232117,-3.942535,1.778516,-9.133059,3.097499,-4.444363,-2.333432,-5.335003,0.534134,-1.440628,-0.216415,0,0.5859,24.6033,-6.8375,311.9743,68.6404,-29.8635,0,62.90212,60.006775,30.369513,22,NaN,5.328,13.653,195.4,25 / 34,1025035,2020-01-17 18:24:26:758
-4.512268,-12.695877,-3.430176,0.446581,-9.649342,-1.691498,-1.627703,-2.609705,9.904169,4.088562,-2.647568,-1.356949,0,-6.0089,19.223,19.2978,215.2349,69.411,179.9331,0,61.45651,60.0067,30.369484,23,NaN,3.6,13.653,196.9,24 / 34,1030034,2020-01-17 18:24:31:757
-2.679504,-4.003738,-3.340393,-0.128462,-9.177653,-3.453194,-0.945054,3.808519,-2.4041,0.859039,1.929337,0.599411,0,-12.3169,20.7169,23.0042,223.1745,69.3676,177.8695,0,62.50756,60.006645,30.369444,21,NaN,6.408,13.653,198,25 / 34,1035034,2020-01-17 18:24:36:757
-4.708587,-11.527512,11.127762,0.013392,-9.617373,-1.917387,2.961562,-9.914012,1.771427,-3.161804,0.532425,0.993729,0,2.243,28.3447,-3.5233,11.8346,78.7247,-179.5998,0,67.33115,60.00658,30.369398,18,NaN,4.932,13.653,211.1,25 / 34,1040034,2020-01-17 18:24:41:757
-3.139191,-12.566605,-6.111679,0.485793,-9.766949,-0.735594,-0.716381,0.343985,-2.576206,3.523972,-2.122574,-0.944153,0,-9.5047,16.4688,19.7037,214.7123,66.3305,-176.1555,0,70.06185,60.006504,30.369371,18,NaN,3.888,13.653,201.7,25 / 34,1045034,2020-01-17 18:24:46:757
3.869827,-1.747192,5.048889,0.377406,-8.111876,-5.497765,1.774685,7.059546,4.872909,2.777222,1.040726,0.729019,0,4.7226,13.1302,20.0668,130.1691,84.1034,177.251,0,65.31925,60.006435,30.36933,20,NaN,7.02,15.170001,197.8,25 / 34,1050034,2020-01-17 18:24:51:757
-2.320373,-14.72377,-6.955642,1.058455,-9.253747,3.068914,-4.001268,-3.439154,-3.184719,1.459488,-0.350677,-0.18338,0,-2.0279,30.1071,-5.1788,72.3989,86.2981,-48.7746,0,66.55042,60.006348,30.369331,20,NaN,6.696,13.653,194.6,25 / 34,1055034,2020-01-17 18:24:56:757
2.582947,-4.117462,4.030151,-0.007346,-9.309873,-3.081656,4.113965,2.70073,5.191555,-0.481598,-1.27391,-0.257782,0,-8.1039,16.951,23.1506,207.6765,64.9704,-178.1966,0,64.60082,60.00627,30.369308,18,NaN,3.132,13.653,194.5,25 / 34,1060034,2020-01-17 18:25:01:757
-1.830765,-4.779449,2.284775,0.459381,-9.409997,-2.722375,5.401462,-6.578557,3.40613,-3.482452,0.091583,-0.519302,0,2.3788,21.4371,14.7781,150.6981,73.6485,-170.422,0,52.36072,60.006207,30.369274,21,NaN,4.86,13.653,203.5,25 / 34,1065034,2020-01-17 18:25:06:757
4.541397,-6.516449,-2.446167,0.521684,-9.79043,0.213827,1.548463,2.432154,-1.608372,2.276901,-0.472656,0.46199,0,-3.27,22.2626,13.2858,178.0855,62.729,-168.8832,0,65.23651,60.00615,30.3692,18,NaN,4.176,13.653,195.1,25 / 34,1070034,2020-01-17 18:25:11:757
2.549423,-1.769943,2.598419,0.226911,-8.193423,-5.383931,0.362476,5.955056,9.27281,-2.45961,2.009064,1.431732,0,-1.8326,10.9589,21.6476,184.944,56.6676,-177.5866,0,58.26682,60.00609,30.369154,20,NaN,6.3,13.653,193.2,25 / 34,1075034,2020-01-17 18:25:16:757
0.828003,-11.121689,-2.319275,0.808443,-9.335217,2.893184,-1.42893,0.161234,-3.323976,1.885071,-0.222137,-0.333755,0,-5.0034,26.6724,5.722,185.9176,82.4894,-161.3977,0,67.20261,60.006016,30.369114,17,NaN,6.192,13.653,198.4,25 / 34,1080034,2020-01-17 18:25:21:757
9.55127,-27.27298,-16.615051,0.408918,-8.527975,-4.824604,2.284934,5.886278,8.004958,0.91301,1.319824,0.570999,0,-8.5785,13.2584,18.309,263.3092,61.2238,177.9895,0,68.58893,60.00599,30.369116,17,NaN,5.4,15.170001,200.9,26 / 34,1085034,2020-01-17 18:25:26:757
-2.695068,-11.887848,0.795593,0.843456,-9.354381,2.820377,-2.097001,-1.603757,-6.56972,-0.441833,-0.063766,0.035889,0,-9.4681,30.1575,-5.4932,81.028,73.8268,-18.1101,0,63.58119,60.005905,30.369045,20,NaN,6.552,13.653,190.3,26 / 34,1090034,2020-01-17 18:25:31:757
-1.562607,-12.43132,2.20697,0.645731,-9.360358,-2.85256,1.561854,0.086161,-1.601812,0.188278,0.039566,-0.347961,0,-16.6718,29.2542,29.9072,203.5347,72.6481,-167.245,0,63.45832,60.005848,30.36901,23,NaN,1.872,13.653,189.4,27 / 34,1095034,2020-01-17 18:25:36:757
-5.090469,-9.91861,0.623199,0.182026,-9.639327,-1.794611,-0.263307,-1.556971,2.010086,-3.83754,0.436722,-0.544342,0,3.5446,63.2324,42.2623,164.224,79.4008,-174.2083,0,63.30193,60.005775,30.368921,24,NaN,5.004,13.653,217.3,27 / 34,1100034,2020-01-17 18:25:41:757
-1.037079,-10.383087,16.368668,0.725229,-8.865436,-4.128981,2.206919,-4.377149,-2.857031,-0.932388,-0.634567,-0.37442,0,40.1703,28.0411,14.2883,82.158,64.692,-170.038,0,65.97017,60.005726,30.368835,24,NaN,0,13.653,,26 / 34,1105034,2020-01-17 18:25:46:757
5.154312,-22.4738,0.435257,-0.283736,-9.782345,-0.628975,2.561034,-6.658037,5.472729,-2.888031,0.875793,0.768082,0,6.4117,29.9896,6.8436,158.9028,85.9652,155.7194,0,51.54772,60.005653,30.368807,23,NaN,6.048,13.653,193.5,27 / 34,1110034,2020-01-17 18:25:51:757
-4.454803,-12.66954,12.437393,0.065711,-9.536388,-2.285467,4.377077,-0.280457,4.949439,0.350372,-1.947861,0.593903,0,1.4816,25.5524,26.236,174.797,76.5175,-178.3531,0,69.26306,60.00556,30.368786,20,NaN,4.32,15.170001,195.7,27 / 34,1115034,2020-01-17 18:25:56:757
3.951233,-14.036636,-1.76741,0.292013,-9.155191,-3.502512,0.131792,-2.70863,2.221919,-2.871521,1.539276,0.545258,0,1.0162,33.2794,4.7729,35.4334,88.6086,-51.9634,0,69.80129,60.00549,30.368778,19,NaN,5.58,13.653,204.8,26 / 34,1120035,2020-01-17 18:26:01:758
-2.438888,-8.122955,9.73912,1.145467,-8.554775,-4.655546,5.815749,1.112386,-2.349696,-0.926163,0.380615,0.196747,0,-6.0242,11.8408,24.9512,179.4924,60.7322,-166.1773,0,60.42795,60.005398,30.368732,20,NaN,5.436,15.170001,207.3,26 / 34,1125034,2020-01-17 18:26:06:757
-2.005539,-7.502853,-0.566711,-0.219432,-9.020061,-3.84197,5.175854,-9.458569,1.145355,-4.05484,0.84668,-0.532974,0,6.9748,24.0585,2.7939,305.9007,71.6472,-15.1083,0,58.97917,60.005337,30.368652,20,NaN,6.336,13.653,198.1,26 / 35,1130034,2020-01-17 18:26:11:757
-0.297272,-8.340835,1.480331,0.399533,-9.663076,-1.623484,-2.77466,-0.806566,-1.798869,3.664765,-3.057342,-1.570358,0,-0.0244,24.7757,13.0737,159.1959,80.1838,-166.1745,0,65.4197,60.005287,30.368584,19,NaN,1.944,15.170001,198.4,25 / 35,1135034,2020-01-17 18:26:16:757
0.320419,-2.50975,3.448364,-0.234751,-8.930439,-4.045066,-1.400174,4.750138,7.492045,-2.088196,1.905365,1.012558,0,1.0483,24.7253,14.6301,177.7968,65.5955,176.6786,0,57.72274,60.005222,30.368576,19,NaN,6.228,13.653,192,24 / 35,1140034,2020-01-17 18:26:21:757
0.20192,-7.602218,0.350266,0.09362,-9.805279,0.134649,-1.183908,-1.861547,-0.138719,2.358933,-0.831299,-0.360565,0,6.7291,16.069,9.0317,357.0053,89.0418,-34.8105,0,64.26482,60.005146,30.368504,16,NaN,6.984,13.653,195.9,24 / 35,1145034,2020-01-17 18:26:26:757
2.452469,-1.549683,3.258026,-0.140134,-8.331784,-5.170312,-1.297579,3.39798,5.591121,-1.148987,1.678299,0.26474,0,1.6174,10.347,17.1707,174.7837,69.2364,177.0899,0,70.8082,60.005085,30.368464,17,NaN,6.264,13.653,195.1,25 / 35,1150034,2020-01-17 18:26:31:757
-3.858658,-9.099792,0.137177,0.588524,-9.616111,1.831509,1.418511,3.174986,-1.716335,2.182816,-1.336578,0.032684,0,-0.0183,20.8588,0.1846,0,78.6871,-17.8139,0,63.68976,60.005,30.36841,17,NaN,7.992,13.653,194,25 / 35,1155034,2020-01-17 18:26:36:757
-0.474442,-9.343994,-15.174942,0.464397,-8.722079,-4.458705,0.470035,6.885822,8.811043,-0.855148,1.891525,0.125717,0,2.5177,9.9091,20.903,171.9113,59.4123,176.9059,0,55.94744,60.00494,30.368376,18,NaN,5.472,13.653,187.7,24 / 35,1160034,2020-01-17 18:26:41:757
-1.699081,-13.93129,-1.572281,0.22596,-9.448458,2.616482,-1.722191,-1.475507,-8.582639,1.604538,-0.002518,-0.28653,0,4.7852,24.4537,-5.5176,281.1369,74.4666,-4.9358,0,67.38066,60.004875,30.368324,18,NaN,5.256,15.170001,203.9,24 / 35,1165034,2020-01-17 18:26:46:757
-2.28566,-8.685593,-2.707138,0.274264,-9.272457,-3.180678,0.534875,-1.717518,-3.172041,-1.397186,0.16597,0.213242,0,-0.6302,15.3,14.7598,178.2051,71.0016,-175.0717,0,68.32822,60.004818,30.368284,17,NaN,5.076,15.170001,183.5,23 / 35,1170034,2020-01-17 18:26:51:757
-2.639999,-13.507523,-4.421386,0.38321,-9.646501,1.722948,-4.286612,-3.992148,-3.631877,-0.476273,-0.287827,0.09288,0,4.0344,18.4586,-5.4825,261.9356,79.6311,-12.5393,0,69.52497,60.00473,30.368282,19,NaN,3.924,13.653,202,23 / 35,1175034,2020-01-17 18:26:56:757
2.189102,-6.134567,0.256897,0.565885,-9.748707,-0.90159,-1.669569,2.112497,10.557544,2.261459,-0.525925,-0.789871,0,-4.95,18.1946,21.7651,194.6259,64.2445,-175.3696,0,73.14864,60.00467,30.368227,16,NaN,2.772,15.170001,203.2,23 / 35,1180034,2020-01-17 18:27:01:757
-0.111725,-2.570801,3.899674,0.259852,-9.311227,-3.066581,-2.619465,0.505997,4.224879,-2.413269,1.72197,1.992783,0,4.776,20.079,13.8748,136.8161,71.7101,-175.1565,0,60.55326,60.004623,30.36815,16,NaN,7.092,15.170001,200.1,24 / 35,1185036,2020-01-17 18:27:06:759
-2.6017,-8.494064,1.434845,0.903498,-9.536162,2.101353,-1.799122,-0.837878,-7.017848,1.724747,-0.002518,-0.236465,0,0.9369,18.4631,1.7624,159.952,67.937,-175.982,0,67.4088,60.00456,30.368052,17,NaN,8.028,15.170001,200.8,24 / 36,1190035,2020-01-17 18:27:11:758
-5.039001,-17.152695,3.11557,0.472737,-8.988432,-3.892942,1.873216,-1.299457,-1.481594,-1.218399,0.047729,-0.017197,0,-9.4818,19.7952,20.9167,207.8778,66.429,-173.0762,0,66.92646,60.00449,30.368006,19,NaN,5.688,15.170001,204,25 / 36,1195035,2020-01-17 18:27:16:758
4.997498,-22.11467,-7.50032,0.018041,-9.797455,0.424203,3.687216,-9.245432,2.193752,-3.242767,0.658127,1.060852,0,7.196,25.6531,-6.8146,232.6506,87.5186,-2.4352,0,69.17813,60.004414,30.36797,18,NaN,5.328,15.170001,203.7,25 / 36,1200035,2020-01-17 18:27:21:758
-2.000748,-9.751022,-2.071472,0.364863,-9.796918,0.240155,-2.930568,-4.569793,-1.134425,2.331055,-0.293503,0.002319,0,10.7788,24.9161,5.7312,355.6401,87.4471,-56.6468,0,69.70172,60.00434,30.367926,22,NaN,7.344,16.687,203.1,25 / 36,1205034,2020-01-17 18:27:26:757
4.469574,-15.282822,-9.289993,-0.046111,-9.227267,-3.32051,1.721386,7.214256,6.810317,2.049301,1.074112,0.812637,0,8.8272,12.7731,20.5872,136.0407,57.0726,-177.6164,0,72.00008,60.004276,30.367859,20,NaN,5.436,15.170001,191.1,24 / 36,1210035,2020-01-17 18:27:31:758
-4.246521,-10.816437,-2.12294,0.141226,-9.200509,-3.391324,6.959325,-10.109518,1.381393,-4.018814,0.744415,-0.541489,0,10.7986,27.1515,-4.8721,223.2339,87.2193,26.6165,0,58.99253,60.004185,30.367823,20,NaN,4.716,13.653,218.1,25 / 36,1215034,2020-01-17 18:27:36:757
-2.624435,-7.586654,0.558563,0.695775,-9.56449,2.051052,-2.268915,-0.31883,-6.190555,1.956085,-1.497971,-0.202911,0,8.9813,30.3055,-10.4462,271.0222,77.2407,-18.7384,0,64.58586,60.004086,30.367725,23,NaN,7.092,15.170001,204.2,25 / 36,1220034,2020-01-17 18:27:41:757
-6.214554,-14.739334,-9.365402,0.205175,-8.764212,-4.395097,-2.619059,-1.773625,13.124066,0.643494,-1.284393,-0.129761,0,-0.7233,15.1627,22.0947,181.0825,63.786,-178.0429,0,64.98235,60.00402,30.36774,25,NaN,2.772,15.170001,199.5,25 / 36,1225034,2020-01-17 18:27:46:757
-1.351929,-0.957108,3.297531,-0.170986,-8.528576,-4.837824,0.418641,7.30172,9.918257,-2.363037,2.033569,1.49263,0,9.668,14.0076,20.9549,141.5402,60.4206,177.9758,0,66.16327,60.003925,30.367796,29,NaN,8.1,15.170001,172.7,24 / 36,1230034,2020-01-17 18:27:51:757
-4.197433,-13.579346,-0.261459,1.024296,-9.261316,3.057649,-5.138069,-4.779688,-6.902594,-0.24884,-0.539764,-0.111298,0,7.84,26.2131,-15.7288,255.0673,70.8026,-18.5206,0,67.53206,60.003845,30.367748,27,NaN,9.828,15.170001,218.4,24 / 36,1235034,2020-01-17 18:27:56:757
-2.52269,-13.345917,-3.88388,0.167999,-9.578574,-2.095968,-2.66895,1.423024,11.711798,0.48761,-1.89975,0.342316,0,3.4637,22.0596,24.4827,149.837,62.3293,-172.4981,0,64.28897,60.003788,30.367718,26,NaN,3.564,15.170001,183.1,23 / 36,1240034,2020-01-17 18:28:01:757
-1.646408,-2.277511,4.230072,0.303881,-8.255086,-5.285034,-1.955592,4.739347,7.256696,-2.12796,2.523941,0.982559,0,10.524,19.0491,20.4788,140.6554,66.4845,175.5512,0,53.79633,60.003696,30.36767,27,NaN,7.02,15.170001,190.5,22 / 36,1245034,2020-01-17 18:28:06:757
-1.391434,-11.531097,-3.257797,0.720572,-9.541349,2.147982,-1.20032,0.015057,-5.191203,1.958038,0.460876,-0.433014,0,10.4752,31.0562,-7.9239,283.4547,76.6423,-18.5448,0,67.77936,60.00362,30.367624,25,NaN,8.676,15.170001,186.7,23 / 36,1250034,2020-01-17 18:28:11:757
-1.171158,-0.595581,-0.523621,-0.496188,-8.963088,-3.948067,-1.998788,4.13132,0.705001,-1.914017,1.67865,0.553421,0,14.3158,20.8572,15.0635,119.0527,66.0614,172.8367,0,65.87715,60.00358,30.36759,25,NaN,3.96,15.170001,216.4,23 / 35,1255034,2020-01-17 18:28:16:757
-4.597259,-14.48674,-3.09021,0.286593,-9.68338,1.523282,-5.652142,-4.011787,-3.205171,-0.491364,-0.158051,0.184845,0,2.9816,30.4596,-14.9399,257.9915,68.908,-18.3272,0,68.10883,60.00352,30.36749,22,NaN,6.048,13.653,196.5,22 / 35,1260034,2020-01-17 18:28:21:757
-2.125244,-14.635193,-5.838745,-0.210177,-9.607459,-1.955232,7.888399,5.229362,2.473821,1.12056,-1.056778,-0.914871,0,-0.7568,14.8575,24.6399,189.9452,61.006,176.4583,0,64.74025,60.003452,30.367437,20,NaN,6.732,13.653,172.1,24 / 35,1265034,2020-01-17 18:28:26:757
-1.829575,-6.084289,-0.546371,-0.410624,-9.212212,-3.337205,-1.720393,2.936886,5.33899,-2.718826,1.490631,1.079666,0,10.1929,25.7736,11.1954,106.1712,69.9484,172.9853,0,60.48889,60.00337,30.367378,19,NaN,5.976,13.653,213.3,24 / 35,1270034,2020-01-17 18:28:31:757
-1.884628,-8.413849,-2.470108,0.517124,-9.715385,1.230554,-2.964202,1.618077,-2.110924,2.36142,-1.748123,-0.201492,0,-4.8203,24.4766,-1.0208,84.1273,82.1771,-22.7939,0,69.49085,60.003304,30.36727,17,NaN,10.116,13.653,199.1,24 / 35,1275034,2020-01-17 18:28:36:757
7.358185,-27.023987,-16.917921,0.088126,-9.082465,-3.697493,2.778363,6.405958,10.297499,2.80954,0.570068,0.757599,0,12.413,16.2018,25.5539,138.6934,57.0854,179.2423,0,51.99881,60.00326,30.367193,18,NaN,5.94,13.653,207.8,24 / 35,1280034,2020-01-17 18:28:41:757
-1.903793,-14.635193,-4.848739,0.481865,-9.467699,2.510154,-4.550703,-3.098993,-4.876446,0.278107,-0.945282,-0.125504,0,8.9813,30.011,-15.2634,261.9086,69.21,-10.3198,0,67.55007,60.0032,30.367123,16,NaN,5.904,15.170001,207.7,24 / 35,1285035,2020-01-17 18:28:46:758
9.530914,-9.162048,0.085709,0.606026,-8.73414,-4.417908,-1.495331,2.837586,9.720643,-1.028961,0.210541,-0.775131,0,10.4828,20.6909,23.4695,126.1895,62.9531,-172.1892,0,65.36585,60.003143,30.367035,15,NaN,1.836,13.653,223.6,24 / 35,1290034,2020-01-17 18:28:51:757
4.131989,-19.719269,1.584473,-0.063272,-9.640964,-1.793936,2.105111,-2.796199,2.788956,-3.772201,1.008957,0.017593,0,17.9642,29.8492,-6.6315,57.2155,79.4529,177.98,0,56.99681,60.003082,30.367058,17,NaN,0,13.653,,25 / 35,1295034,2020-01-17 18:28:56:757
2.140015,-7.505249,-0.7379,0.217792,-9.80079,-0.259785,-2.56272,-3.832389,9.771917,3.627304,-3.367508,-1.33049,0,8.9859,21.4996,19.5007,139.058,68.1653,-179.3075,0,70.73784,60.003002,30.366976,16,NaN,4.932,15.170001,191.5,25 / 35,1300034,2020-01-17 18:29:01:757
-1.236999,-5.363647,1.826294,-0.188275,-8.266619,-5.272375,-3.751443,-0.722961,3.225787,-1.874603,2.17009,0.933014,0,6.4346,26.3886,12.529,118.3302,71.8969,-175.4258,0,53.92081,60.00293,30.366966,17,NaN,6.3,13.653,193,25 / 35,1305034,2020-01-17 18:29:06:757
2.472809,-6.666092,-0.177658,0.616312,-9.614335,-1.8317,-0.376345,-0.148445,-0.538758,3.348557,-2.129669,-0.951263,0,4.7882,25.8194,15.7715,129.7333,78.6343,-161.4035,0,65.84671,60.00286,30.366915,16,NaN,3.636,13.653,214.7,26 / 35,1310034,2020-01-17 18:29:11:757
-2.380234,-2.965851,3.307099,-0.365729,-8.699795,-4.51112,-2.858454,0.688334,4.606939,-1.738602,1.979584,0.434647,0,8.2367,28.479,12.233,76.0629,62.5151,175.365,0,54.97426,60.00279,30.366894,19,NaN,6.552,15.170001,201,27 / 35,1315034,2020-01-17 18:29:16:757
-1.397415,-11.77771,-3.373917,0.678236,-9.55914,2.081638,-3.507407,1.103776,-2.52325,2.169663,-1.577148,0.008896,0,15.1321,32.3563,-5.3986,19.7233,87.3733,-107.5764,0,64.75136,60.00272,30.366833,22,NaN,8.352,13.653,213.1,27 / 35,1320034,2020-01-17 18:29:21:757
2.246567,-2.065628,1.063736,-0.215129,-9.115563,-3.609794,1.310241,5.640462,1.880005,2.771896,0.919296,0.652847,0,8.8287,9.4604,19.8547,146.1864,56.6423,177.4175,0,65.33321,60.002663,30.366741,21,NaN,5.94,13.653,189.7,26 / 36,1325034,2020-01-17 18:29:26:757
-1.500366,-12.454071,-5.416168,0.977477,-9.163969,3.352105,-1.958662,-1.397129,-6.258637,-0.422119,-0.409622,-0.007797,0,13.179,25.8102,-10.7681,280.166,69.1418,-16.2567,0,67.22866,60.00259,30.366669,22,NaN,4.932,13.653,212.3,25 / 36,1330034,2020-01-17 18:29:31:757
-0.361923,-15.210999,5.2081,-0.091848,-8.746446,-4.434143,-1.119409,-6.143377,10.248343,-0.15509,-1.707123,0.080261,0,0.1938,10.9604,20.7474,181.8115,63.1116,178.8134,0,62.03754,60.002518,30.366608,24,NaN,6.66,13.653,206.3,25 / 36,1335033,2020-01-17 18:29:36:756
3.441269,-1.701706,5.179367,-0.224796,-8.280057,-5.249811,-2.327427,-0.293449,3.113891,-2.59259,1.873245,1.576248,0,11.6821,20.0745,9.3826,100.3589,73.6263,-176.5503,0,51.17143,60.00244,30.36658,25,NaN,7.488,15.170001,182.3,25 / 36,1340034,2020-01-17 18:29:41:757
-2.079758,-12.590546,-1.103012,0.842302,-9.185755,3.32909,-2.280027,-1.560004,-7.843653,-0.1203,-0.594986,-0.054657,0,1.7792,25.5051,-5.2124,274.3989,80.7772,-21.2491,0,68.98146,60.002384,30.366539,24,NaN,7.164,13.653,217.7,24 / 35,1345034,2020-01-17 18:29:46:757
-3.788025,-14.442459,9.922287,0.031671,-9.384712,-2.845447,3.758695,2.393781,6.016876,-0.389633,-1.801224,0.124115,0,6.4667,15.3152,18.9514,143.7768,64.8345,-175.2525,0,62.3826,60.002335,30.366526,22,NaN,3.168,13.653,227.7,24 / 36,1350035,2020-01-17 18:29:51:758
-2.066589,-5.735946,1.473145,-0.09056,-9.072337,-3.722215,-0.908214,-1.217739,2.582097,-2.496902,2.322601,1.671951,0,12.2635,26.0956,1.1307,119.1359,89.0357,153.8058,0,53.45403,60.00226,30.36655,24,NaN,7.164,13.653,184.6,24 / 36,1355034,2020-01-17 18:29:56:757
-2.414947,-11.412598,-5.581375,0.751497,-9.162231,3.414551,-2.089351,-0.351824,-6.221797,1.870148,-1.215317,-0.269318,0,3.5767,27.0065,-6.2851,263.192,81.484,-15.6053,0,67.86447,60.00216,30.366453,25,NaN,9.576,15.170001,211.9,24 / 36,1360034,2020-01-17 18:30:01:757
3.587311,-11.247391,-7.059784,-0.060844,-9.234755,-3.299396,2.054241,-10.166261,-6.891929,-1.221237,0.619415,-0.198654,0,12.1292,18.7851,23.1247,124.6634,57.3838,-178.1753,0,69.33875,60.002083,30.366434,28,NaN,5.76,15.170001,200.9,23 / 36,1365034,2020-01-17 18:30:06:757
-4.308761,-12.446884,8.780243,0.735267,-9.597026,1.877995,-2.205329,-4.029262,-2.968257,-0.237122,-0.494843,-0.15036,0,10.9238,28.0548,-19.1376,254.8205,69.4124,-16.3733,0,70.69507,60.002007,30.366371,26,NaN,4.248,15.170001,208.8,23 / 36,1370034,2020-01-17 18:30:11:757
-1.203476,-12.729401,11.373169,-0.242017,-9.535132,-2.278834,-3.154474,1.276327,14.7155,3.159119,-2.567489,-1.138565,0,13.4674,18.0038,20.5994,121.6801,62.8985,-174.3406,0,58.65969,60.00193,30.366318,28,NaN,6.048,15.170001,187.7,21 / 36,1375034,2020-01-17 18:30:16:757
-1.762527,-1.882477,4.337815,-0.648287,-8.809035,-4.2604,4.222955,-5.350555,2.515531,-3.554535,0.733765,-0.418274,0,13.1699,26.2497,-0.5157,84.6249,84.6867,170.3599,0,52.14786,60.00187,30.36631,30,NaN,6.912,15.170001,204.3,20 / 35,1380034,2020-01-17 18:30:21:757
-2.177917,-7.92424,1.931641,0.867719,-9.371864,2.754197,-2.907982,1.153673,-2.851521,2.241394,-0.399689,-0.425385,0,6.2256,30.6519,-3.5263,288.697,86.4252,-37.6862,0,60.99181,60.00178,30.36619,30,NaN,9.36,15.170001,215.6,20 / 36,1385035,2020-01-17 18:30:26:758
-3.96878,-9.165634,-4.4561,0.149616,-9.131344,-3.573035,1.365809,7.537273,6.791518,1.805344,1.255737,0.710022,0,4.335,14.4241,20.5902,151.1297,56.3403,-176.6131,0,67.08959,60.00173,30.366158,27,NaN,2.304,13.653,191.3,21 / 36,1390034,2020-01-17 18:30:31:757
-2.043854,-13.769684,-7.275268,0.749741,-9.368986,2.798282,-2.698713,-3.968136,-4.7165,0.112289,-1.011139,-0.165451,0,1.619,25.3448,-11.0672,271.4689,67.5516,-13.8417,0,69.5186,60.00169,30.366121,27,NaN,6.336,13.653,192.7,22 / 36,1395034,2020-01-17 18:30:36:757
3.606461,-2.629455,5.457093,0.196976,-8.827752,-4.266424,-1.660671,-7.577415,6.21958,-0.152252,-1.820221,0.206329,0,-13.9648,26.2466,23.6115,229.914,64.1818,-177.3566,0,60.68138,60.00163,30.366034,25,NaN,3.24,13.653,234.3,25 / 36,1400035,2020-01-17 18:30:41:758
1.060242,-4.795013,6.579972,-1.294325,-8.924374,-3.853657,0.770295,3.207936,10.91942,-3.210632,3.114273,2.861328,0,-5.4184,33.0002,15.8386,216.4843,87.4916,163.8335,0,56.27849,60.00156,30.365948,23,NaN,6.084,13.653,197.5,25 / 36,1405034,2020-01-17 18:30:46:757
-1.432129,-14.906937,-4.834381,0.547129,-9.44325,2.587675,-2.093592,-4.195112,-4.457101,-0.394241,-0.655868,0.294739,0,-12.3245,38.8565,-4.6051,65.0351,72.515,-9.4938,0,64.88808,60.0015,30.365784,23,NaN,5.616,13.653,248.4,26 / 36,1410034,2020-01-17 18:30:51:757
2.330353,-11.340759,-1.61058,0.060861,-8.974141,-3.953667,-1.435608,-5.731116,7.625155,0.121872,-1.265747,-0.106323,0,-14.5599,25.4944,27.0645,229.0524,61.5946,-178.1786,0,60.52362,60.00144,30.365671,22,NaN,2.772,15.170001,216.9,25 / 36,1415034,2020-01-17 18:30:56:757
3.557388,-2.000992,5.01297,-0.185323,-8.102911,-5.520767,-3.484565,2.073776,5.783121,-2.789841,1.939636,2.172989,0,-7.5348,32.8461,17.4759,234.7733,70.1335,-177.4004,0,56.29405,60.001366,30.365658,22,NaN,5.436,15.170001,207.2,25 / 36,1420034,2020-01-17 18:31:01:757
-3.901749,-11.678345,-4.785293,0.160774,-9.620021,1.897296,-0.752951,0.271135,-4.418875,2.025497,-0.369324,-0.410645,0,-31.2698,37.6572,-8.7509,97.5375,78.8041,-4.8436,0,68.37276,60.001305,30.365562,23,NaN,5.94,15.170001,212.1,26 / 36,1425034,2020-01-17 18:31:06:757
-2.12764,-22.173325,13.846375,0.625783,-8.54787,-4.765785,2.007139,2.040507,3.62659,0.723404,-1.303207,0.046356,0,-32.1274,31.5018,13.118,265.382,67.94,-175.1642,0,65.33205,60.00133,30.36545,22,NaN,4.5,15.170001,288.2,26 / 36,1430034,2020-01-17 18:31:11:757
-5.228134,-9.202744,0.000717,-0.590865,-8.731362,-4.425447,1.966584,-3.924026,1.836213,-2.849502,2.254776,1.92656,0,-27.4628,37.6328,4.4479,278.9974,81.9758,173.6628,0,50.24481,60.001373,30.36532,22,NaN,6.768,15.170001,302.9,28 / 36,1435034,2020-01-17 18:31:16:757
-2.423324,-16.828278,-2.795715,1.177017,-9.436566,2.395042,-6.427709,-3.522811,-2.61926,0.08725,-0.772171,0.822052,0,-33.0215,32.4005,-7.9147,112.6634,68.1227,-30.786,0,63.94593,60.00139,30.365103,27,NaN,9.396,15.170001,283.6,27 / 36,1440034,2020-01-17 18:31:21:757
-6.088852,-14.516678,-15.809402,-0.412201,-9.106375,-3.615859,7.936554,4.386922,1.412205,1.476532,-1.034225,-0.747086,0,-26.7059,29.4098,18.3624,260.0976,66.7824,179.1901,0,62.84473,60.001366,30.364853,31,NaN,5.184,16.687,262.8,23 / 36,1445034,2020-01-17 18:31:26:757
1.467255,-1.019363,5.048889,0.107802,-8.172906,-5.418706,-1.666669,6.090003,8.794186,-1.649841,2.197434,0.445297,0,-21.3211,29.5425,22.2702,234.8015,69.9758,-172.7266,0,52.91265,60.001305,30.364729,29,NaN,6.372,16.687,228.5,21 / 35,1450035,2020-01-17 18:31:31:758
6.778778,-20.699709,-1.979294,-0.566753,-9.779066,0.46803,-2.121081,-4.958525,2.69035,-1.289947,-0.046204,0.684814,0,-35.2631,37.8052,-14.035,105.1101,70.7078,-13.9945,0,56.85881,60.00128,30.36465,34,NaN,5.508,15.170001,291.2,20 / 35,1455034,2020-01-17 18:31:36:757
2.727799,-6.633758,-0.693603,0.342377,-9.743859,1.053741,1.942656,2.757442,-1.801042,2.125641,-2.175842,-0.042053,0,-28.5156,33.3191,8.5632,252.7253,81.759,-171.1609,0,59.25478,60.001347,30.36453,31,NaN,5.76,16.687,327.5,20 / 35,1460034,2020-01-17 18:31:41:757
1.021927,-3.402786,-1.986481,0.224057,-8.451203,-4.96964,1.624203,7.245047,9.311767,1.106705,1.655747,0.709839,0,-14.1388,20.7123,27.1866,237.3406,60.3085,172.2994,0,65.50632,60.001396,30.36434,34,NaN,5.436,18.203999,316,20 / 35,1465035,2020-01-17 18:31:46:758
4.792801,-12.741379,-1.598617,-0.019441,-9.692006,-1.495,4.219765,-8.804338,2.798874,-3.457764,1.091339,0.448318,0,-16.6519,39.148,-6.3568,95.4145,75.4578,-20.1051,0,48.26932,60.001343,30.3642,40,NaN,5.112,16.687,230.2,19 / 35,1470034,2020-01-17 18:31:51:757
-2.347916,-7.19281,1.655106,0.810297,-9.424987,2.585233,-3.782596,1.712486,-1.758337,2.322357,-1.121048,-0.344589,0,-17.8757,32.7286,11.1237,149.3029,88.3508,-92.06,0,65.73249,60.001297,30.364103,43,NaN,1.908,16.687,254.6,20 / 35,1475034,2020-01-17 18:31:56:757
0.152832,-4.763901,11.409088,-0.387708,-9.457458,-2.564481,3.305285,1.229673,5.768632,-0.044479,-2.035934,0.172241,0,-25.206,29.3884,19.8624,256.3551,63.9113,-178.1834,0,62.63326,60.001274,30.363981,45,NaN,5.724,16.687,238,20 / 35,1480034,2020-01-17 18:32:01:757
1.345139,-0.498627,5.40802,-0.42871,-8.369545,-5.092868,-1.445647,5.293358,7.788491,-0.349319,2.381897,0.429321,0,-17.1127,28.0426,23.9212,219.2766,73.2864,-172.6062,0,54.31026,60.001274,30.363811,43,NaN,8.064,19.720999,249.4,21 / 35,1485034,2020-01-17 18:32:06:757
-0.093765,-13.499146,11.89151,0.636443,-9.576385,2.014494,-5.550436,-4.226578,-6.911686,-3.064514,0.825913,1.290939,0,-21.7667,37.7975,-8.3557,91.0945,69.3978,-18.7825,0,68.46173,60.001217,30.363628,43,NaN,6.84,21.237999,229.6,20 / 35,1490035,2020-01-17 18:32:11:758
-2.177917,-9.48645,0.772842,0.12094,-9.802357,0.263705,-1.067478,1.547177,-1.336711,2.219025,-0.065369,-0.48201,0,-20.1263,32.7103,15.773,274.2696,63.0378,177.3304,0,68.64847,60.00128,30.363426,44,NaN,2.952,19.720999,253.9,20 / 35,1495034,2020-01-17 18:32:16:757
-2.388611,-12.871857,15.079391,0.050247,-8.826144,-4.273996,0.794579,-7.338294,4.702236,-0.343109,-1.455185,-0.325058,0,-25.9689,27.6077,16.568,251.9886,68.9691,-174.8701,0,64.11696,60.00117,30.363369,36,NaN,2.88,18.203999,212.9,19 / 35,1500034,2020-01-17 18:32:21:757
1.151215,-2.718048,4.409638,-0.095012,-8.214721,-5.355344,0.709576,6.284084,10.609303,-2.479507,2.659927,1.869568,0,-16.6504,29.2404,21.814,248.87,67.9166,173.3243,0,63.55315,60.001106,30.363243,31,NaN,3.312,16.687,240.2,18 / 35,1505034,2020-01-17 18:32:26:757
-3.008713,-15.9077,2.099228,-0.300838,-9.788786,-0.509469,2.062475,-5.820095,5.102848,-2.951767,0.793945,0.827011,0,-16.6779,38.8565,-7.5912,88.6139,72.1145,-15.3831,0,65.94506,60.001022,30.363102,26,NaN,6.552,16.687,238.5,19 / 35,1510034,2020-01-17 18:32:31:757
-1.731399,-12.117691,-5.678329,0.280862,-9.740968,1.097748,1.439753,3.481943,-1.320654,2.271225,-1.46991,0.043884,0,-21.3226,33.1619,14.7202,247.1365,80.2532,179.2763,0,64.83707,60.001,30.362938,26,NaN,4.86,21.237999,251.5,19 / 35,1515034,2020-01-17 18:32:36:757
-2.055817,-9.393082,20.589645,-0.051079,-8.987147,-3.924151,2.033208,-7.282131,1.908045,-0.868469,-1.070984,-0.40123,0,-22.2015,23.4558,26.1581,245.0075,65.3944,-177.1378,0,66.3693,60.00103,30.36281,27,NaN,4.752,21.237999,295.2,18 / 35,1520034,2020-01-17 18:32:41:757
2.586533,0.114288,3.951141,-0.372286,-8.231685,-5.317061,1.544952,7.787855,10.849094,0.113709,2.307511,0.411575,0,-16.9724,26.0956,21.8292,229.0142,73.0436,-177.8714,0,56.24214,60.00097,30.362701,26,NaN,7.776,16.687,223,18 / 35,1525034,2020-01-17 18:32:46:757
-0.175171,-12.469635,11.144516,0.311646,-9.638277,1.782375,2.162598,-4.47072,5.803838,-2.191513,0.41507,0.880096,0,-18.1717,38.1012,-10.5988,91.3415,68.0647,-16.5027,0,57.91724,60.00084,30.362509,27,NaN,6.624,16.687,233.7,19 / 35,1530034,2020-01-17 18:32:51:757
0.406616,-7.797348,0.078522,0.522106,-9.738623,1.028112,-0.74042,1.715393,0.440792,2.245651,-0.06572,-0.408157,0,-15.0299,33.3267,19.371,224.461,81.1044,-177.2829,0,68.15537,60.00079,30.362373,25,NaN,4.752,16.687,241,20 / 35,1535034,2020-01-17 18:32:56:757
8.32544,-24.032425,-14.81221,0.207159,-9.154319,-3.510828,1.326587,6.444738,1.558715,-0.266067,0.302856,-0.492493,0,-16.777,22.8241,26.3306,241.7659,59.5284,176.8019,0,64.14142,60.000732,30.36224,27,NaN,7.524,16.687,219.4,20 / 35,1540034,2020-01-17 18:33:01:757
-3.716202,-13.405762,12.672028,0.830128,-9.332379,2.8962,-3.516042,-4.909166,-5.408922,-0.468628,-0.115616,0.194962,0,-16.6626,38.5574,-11.7844,100.3535,71.1752,-14.5632,0,56.81456,60.000683,30.362135,26,NaN,7.092,16.687,239,20 / 35,1545034,2020-01-17 18:33:06:757
-3.092514,-8.802917,0.284424,-0.258058,-9.803241,-0.016272,-0.827695,2.162062,-1.939552,3.061127,-1.058014,-0.279083,0,-15.3152,27.33,24.617,236.5269,69.7729,172.3316,0,66.9149,60.00065,30.362005,26,NaN,3.96,15.170001,257,20 / 35,1550034,2020-01-17 18:33:11:757
3.192276,-1.975845,4.02536,0.070279,-8.116437,-5.503534,-0.757499,4.80053,8.586046,-1.998535,2.256378,0.482224,0,-10.9741,27.5848,23.6328,248.6747,61.5762,170.2051,0,50.36553,60.000656,30.3619,28,NaN,6.372,16.687,250.9,20 / 35,1555034,2020-01-17 18:33:16:757
-1.160385,-11.849533,-6.279281,0.717642,-9.221142,3.259742,-4.192775,1.57118,-1.73486,2.078583,-1.261841,-0.257416,0,-13.1287,39.7598,-5.8823,62.5916,82.8094,-19.1375,0,60.08795,60.00061,30.3618,26,NaN,6.48,16.687,251.7,20 / 35,1560034,2020-01-17 18:33:21:757
-3.047012,-1.450317,19.503876,-0.086719,-8.736276,-4.454251,1.653993,1.005096,-1.166026,-1.331848,0.632736,0.095718,0,-11.1343,30.5832,21.8201,261.5704,58.7462,175.3081,0,62.76882,60.00057,30.361706,27,NaN,4.428,16.687,231.3,20 / 35,1565035,2020-01-17 18:33:26:758
-1.632049,-4.559189,0.115631,-0.44819,-8.706194,-4.491293,3.427434,-7.411838,2.988673,-2.844711,1.675095,1.867783,0,1.6525,32.4081,-16.2521,4.6301,83.2835,-178.547,0,61.75025,60.000492,30.36167,27,NaN,6.624,16.687,186,21 / 35,1570034,2020-01-17 18:33:31:757
-0.077011,-9.409836,-2.716705,0.708336,-9.525,2.223293,-1.797702,-0.532553,-5.596291,2.00029,-0.083832,-0.299667,0,4.6265,36.1069,-16.7572,17.1123,87.6094,-120.7268,0,66.19322,60.000393,30.36174,26,NaN,6.696,16.687,151.4,22 / 35,1575034,2020-01-17 18:33:36:757
-5.799148,-9.779739,15.201492,0.245003,-8.722053,-4.476177,-0.121296,0.037168,12.889044,0.497559,-1.613556,0.471039,0,7.1533,29.248,20.755,155.2376,69.3416,173.6225,0,62.96689,60.000324,30.361828,24,NaN,4.068,16.687,149.5,23 / 35,1580034,2020-01-17 18:33:41:757
-1.51712,-3.687698,1.582077,-0.21162,-9.192667,-3.408882,5.050861,-8.63037,1.600054,-2.926376,1.207443,0.500687,0,2.4048,38.8565,-12.0468,129.31,86.0532,50.2416,0,54.03714,60.000256,30.361897,23,NaN,6.66,16.687,160,23 / 35,1585034,2020-01-17 18:33:46:757
-0.649231,-7.768615,-0.709167,0.487748,-9.57199,2.075932,-1.060573,1.495412,-1.430801,1.944,-1.123001,-0.322937,0,-5.2612,29.2725,19.9722,191.1869,88.2177,-176.659,0,67.42327,60.00022,30.361881,21,NaN,4.284,18.203999,227.3,24 / 35,1590034,2020-01-17 18:33:51:757
7.25763,-10.622513,-4.934936,-0.163363,-8.899708,-4.115688,1.009147,-6.64818,-10.664663,-1.452942,0.173431,0.128738,0,-10.463,27.0187,22.8836,212.923,58.9282,172.0699,0,64.78809,60.000183,30.361807,23,NaN,4.5,18.203999,251.6,24 / 35,1595034,2020-01-17 18:33:56:757
6.882935,-17.50943,-0.632553,-0.359781,-9.799162,0.131861,6.395316,-10.506093,1.121816,-4.088043,0.956223,-0.598312,0,-1.9623,38.8458,-7.869,1.4511,70.6937,-13.1363,0,54.92848,60.000072,30.361763,25,NaN,7.236,19.720999,194.5,22 / 35,1600034,2020-01-17 18:34:01:757
-1.41777,-12.031494,-4.676361,0.814429,-9.548403,2.08209,-3.345022,1.177267,-2.206715,1.830734,-0.980789,-0.212677,0,13.0219,32.8659,2.5803,27.1627,87.0958,-107.4187,0,63.54006,60,30.361814,20,NaN,7.596,16.687,152.2,22 / 35,1605034,2020-01-17 18:34:06:757
-1.588943,-3.796631,-4.314834,-0.421429,-7.979294,-5.685389,0.899063,5.768837,2.04856,1.049896,0.36322,0.026657,0,15.2588,17.691,29.3213,144.6251,51.495,169.4077,0,59.5436,59.999943,30.361927,13,NaN,2.7,15.170001,117.8,21 / 35,1610034,2020-01-17 18:34:11:757
3.072556,-1.373703,6.326187,-0.463344,-8.205141,-5.350828,1.586654,6.087515,10.80332,-1.957703,2.795044,1.429245,0,12.587,31.0471,4.5914,69.7421,72.2852,-179.3065,0,56.08249,59.999878,30.362015,9,NaN,6.84,16.687,142.2,20 / 35,1615034,2020-01-17 18:34:16:757
-1.301651,-8.025985,-0.150131,0.42037,-9.669797,1.577564,0.388566,2.408523,-1.659571,1.976852,-1.51236,0.013336,0,8.226,27.1622,13.6765,109.2893,87.0875,-143.6687,0,59.43874,59.999794,30.362133,7,NaN,5.184,18.203999,157.5,20 / 35,1620034,2020-01-17 18:34:21:757
-0.302063,-9.976074,-13.901215,0.173551,-9.12448,-3.589444,1.78218,7.254156,9.065508,0.041977,1.878204,0.685699,0,6.2881,23.3856,5.9341,72.2179,72.5953,-170.0719,0,60.97986,59.999733,30.36213,8,NaN,4.788,25.789,187.9,20 / 35,1625034,2020-01-17 18:34:26:757
-1.756546,-12.229019,-1.228714,0.496566,-9.332658,2.970744,-2.293242,-2.968542,-6.019174,2.178375,-3.1E-05,-0.275879,0,4.3427,28.6636,-1.7746,292.371,85.2951,-19.4481,0,64.6144,59.999638,30.362095,8,NaN,6.48,31.856998,189.9,21 / 36,1630034,2020-01-17 18:34:31:757
1.274521,-4.631012,-6.082962,-0.048623,-8.824244,-4.277937,3.983498,-14.100764,-15.30484,-1.082046,-0.444077,-0.024307,0,-3.3188,21.9208,22.3907,202.9228,69.1223,174.188,0,60.46218,59.999607,30.362156,6,NaN,2.268,28.823,187.4,20 / 36,1635034,2020-01-17 18:34:36:757
8.105179,-19.543304,-2.934585,-0.280772,-9.714888,-1.308631,-2.534166,-4.003109,-1.284226,-3.370422,0.584793,0.959991,0,1.7761,32.7133,-11.9537,234.2612,74.8806,-7.8491,0,54.12439,59.999565,30.362247,4,NaN,5.472,22.755001,199.5,20 / 36,1640034,2020-01-17 18:34:41:757
-1.539871,-21.227615,-8.084503,-0.339079,-8.875817,-4.156354,1.799752,-2.302393,-0.583113,-0.616348,-0.227646,-0.14859,0,-6.7093,18.5471,22.6105,206.4482,64.5715,178.4499,0,62.35562,59.999493,30.362316,7,NaN,4.932,21.237999,196.3,20 / 36,1645034,2020-01-17 18:34:46:757
1.377472,-9.988037,-1.172455,0.317797,-9.770168,-0.783072,-0.980039,-0.004633,0.586836,0.327652,0.661148,0.197098,0,-23.2742,20.7047,4.5502,241.3331,82.6533,-157.6168,0,52.6825,59.999447,30.362352,7,NaN,2.16,30.340002,155.1,16 / 35,1650034,2020-01-17 18:34:51:757
1.378662,-2.137451,7.973404,-1.757428,-0.4218,9.638668,3.233141,-1.86798,-1.32562,1.34906,-0.751755,1.835297,346,10.9497,25.7904,-27.1194,334.809,19.7242,8.2334,5,61.84123,59.999428,30.362432,7,NaN,3.744,60.680004,128.4,16 / 36,1655034,2020-01-17 18:34:56:757
